index	UMAP1	UMAP2
AAACATACAACCAC-1	2.417101	6.4864097
AAACATTGAGCTAC-1	6.1144476	-1.2779473
AAACATTGATCAGC-1	-0.3641209	6.1922307
AAACCGTGCTTCCG-1	9.031097	10.88657
AAACCGTGTATGCG-1	1.4405509	11.18816
AAACGCACTGGTAC-1	2.341882	4.9585824
AAACGCTGACCAGT-1	1.6926172	7.8698297
AAACGCTGGTTCTT-1	1.1734159	7.8906264
AAACGCTGTAGCCA-1	2.1027148	8.518564
AAACGCTGTTTCTG-1	7.2591076	10.170232
AAACTTGAAAAACG-1	6.3378944	-1.3382779
AAACTTGATCCAGA-1	2.6775157	5.4190416
AAAGAGACGAGATA-1	1.9837779	6.334855
AAAGAGACGCGAGA-1	8.27659	12.460748
AAAGAGACGGACTT-1	2.844403	8.665546
AAAGAGACGGCATT-1	4.4945154	7.0435767
AAAGCAGATATCGG-1	9.280024	11.506458
AAAGCCTGTATGCG-1	0.59468484	4.8377113
AAAGGCCTGTCTAG-1	6.0176377	-1.4484361
AAAGTTTGATCACG-1	6.7176447	-3.6522732
AAAGTTTGGGGTGA-1	6.4567075	-1.7160507
AAAGTTTGTAGAGA-1	4.6315374	7.3991227
AAAGTTTGTAGCGT-1	7.035817	13.092995
AAATCAACAATGCC-1	5.513394	-1.6457063
AAATCAACACCAGT-1	4.0997815	6.7851076
AAATCAACCAGGAG-1	2.5562713	4.53752
AAATCAACCCTATT-1	9.294859	9.589708
AAATCAACGGAAGC-1	2.902626	4.3354087
AAATCAACTCGCAA-1	1.5559543	6.671033
AAATCATGACCACA-1	9.636756	9.293041
AAATCCCTCCACAA-1	3.2100544	8.150774
AAATCCCTGCTATG-1	6.829737	-2.6152163
AAATGTTGAACGAA-1	7.642964	11.464917
AAATGTTGCCACAA-1	1.469818	5.4356437
AAATGTTGTGGCAT-1	8.689106	12.451572
AAATTCGAAGGTTC-1	3.225333	7.542034
AAATTCGAATCACG-1	7.27748	11.723898
AAATTCGAGCTGAT-1	9.049699	9.8749275
AAATTCGAGGAGTG-1	3.5931072	4.6392407
AAATTCGATTCTCA-1	0.04092348	10.102577
AAATTGACACGACT-1	1.6114882	8.424926
AAATTGACTCGCTC-1	0.5400143	7.412312
AACAAACTCATTTC-1	3.2632565	6.4538465
AACAAACTTTCGTT-1	1.7493258	4.993877
AACAATACGACGAG-1	0.9018434	5.419457
AACACGTGCAGAGG-1	0.66768354	7.2932525
AACACGTGGAAAGT-1	1.9159012	5.5393977
AACACGTGGAACCT-1	7.8893805	11.352747
AACACGTGGCTACA-1	3.7222302	5.4388075
AACACGTGTACGAC-1	9.009323	9.2355175
AACAGCACAAGAGT-1	6.4861007	10.654875
AACATTGATGGGAG-1	9.488808	9.607364
AACCAGTGATACCG-1	9.452694	10.194813
AACCCAGATCGCTC-1	3.150306	5.4188213
AACCGATGCTCCCA-1	1.385688	3.8269086
AACCGATGGTCATG-1	7.4413233	-2.352745
AACCGATGTTCTAC-1	7.7090826	11.998224
AACCGCCTAGCGTT-1	0.752952	5.498574
AACCGCCTCTACGA-1	9.7446	11.7703285
AACCTACTGTGAGG-1	9.848629	11.359613
AACCTACTGTGTTG-1	3.0236688	5.1305356
AACCTTACGAGACG-1	3.2282653	5.263938
AACCTTACGCGAGA-1	0.9822951	12.234534
AACCTTACTAACGC-1	8.426042	9.777244
AACCTTTGGACGGA-1	0.88734734	6.6147246
AACCTTTGTACGCA-1	9.302472	9.699336
AACGCAACAAGTAG-1	1.6923695	6.5870934
AACGCATGACCCAA-1	2.5033965	6.1993775
AACGCATGCCTTCG-1	3.5179799	4.8541493
AACGCATGTACTTC-1	1.0724536	4.0115905
AACGCCCTCGGGAA-1	0.56777614	7.1403584
AACGCCCTCGTACA-1	0.60649776	11.589816
AACGCCCTGGCATT-1	1.047675	4.916632
AACGTCGAGTATCG-1	1.0134809	11.809136
AACGTGTGAAAGCA-1	1.1462551	5.5985193
AACGTGTGGCGGAA-1	6.577143	-1.8035882
AACGTGTGTCCAAG-1	2.8117583	6.412986
AACGTGTGTGCTTT-1	0.8408607	5.4972763
AACTACCTTAGAGA-1	3.3231344	5.7585373
AACTCACTCAAGCT-1	8.773262	12.025225
AACTCACTTGGAGG-1	7.012692	12.793748
AACTCGGAAAGTGA-1	1.3906224	8.712529
AACTCGGAAGGTCT-1	7.5022845	10.887506
AACTCTTGCAGGAG-1	1.2806941	6.7904944
AACTGTCTCCCTTG-1	6.993476	12.944316
AACTTGCTACGCTA-1	6.0156484	-1.2974821
AACTTGCTGGGACA-1	2.5655499	5.8098845
AAGAACGAGTGTTG-1	4.617161	7.040254
AAGAAGACGTAGGG-1	6.577887	-2.187289
AAGACAGAAGTCTG-1	7.694636	-2.269117
AAGACAGAGGATCT-1	3.131044	4.1329465
AAGACAGATTACCT-1	8.00893	12.092912
AAGAGATGGGTAGG-1	6.6141706	-2.449919
AAGATGGAAAACAG-1	6.584085	-2.4568286
AAGATGGAGAACTC-1	8.5414915	11.43739
AAGATGGAGATAAG-1	9.183731	12.906063
AAGATTACAACCTG-1	3.299483	4.315738
AAGATTACAGATCC-1	8.616807	12.704921
AAGATTACCCGTTC-1	7.9812407	12.817745
AAGATTACCGCCTT-1	11.113059	13.40088
AAGATTACCTCAAG-1	1.0988809	12.404939
AAGATTACTCCTCG-1	6.317539	11.25177
AAGCAAGAGCGAGA-1	0.80684745	6.0535064
AAGCAAGAGCTTAG-1	2.1064692	10.510697
AAGCAAGAGGTGTT-1	1.4902784	11.002083
AAGCACTGAGCAAA-1	5.6969953	-1.3791856
AAGCACTGCATACG-1	3.0558965	8.702645
AAGCACTGGTTCTT-1	6.520391	-1.4856478
AAGCCAACGTGTTG-1	2.8006232	5.00305
AAGCCATGAACTGC-1	11.219849	13.552124
AAGCCATGACACGT-1	7.4693666	11.718888
AAGCCATGCGTGAT-1	1.6556157	6.595028
AAGCCATGTCTCGC-1	2.4059172	7.4354796
AAGCCTGACATGCA-1	0.86476195	7.263965
AAGCCTGACCGAAT-1	6.3421445	12.142095
AAGCGACTCCTCAC-1	8.679444	10.004026
AAGCGACTGTGTCA-1	3.687957	4.4582653
AAGCGACTTACAGC-1	7.0494213	-2.938453
AAGCGACTTTGACG-1	9.315785	10.31172
AAGCGTACGTCTTT-1	2.563374	7.6319695
AAGGCTTGCGAACT-1	2.0346901	10.198545
AAGGTCACGGTTAC-1	6.54283	12.872124
AAGGTCACTGTTTC-1	5.8715215	-2.5532691
AAGGTCACTTCCCG-1	0.8365126	8.873274
AAGGTCTGACAGTC-1	0.67038953	4.4527407
AAGGTCTGCAGATC-1	4.2421103	7.2669096
AAGTAACTCTGAAC-1	6.9742203	11.74875
AAGTAACTGAGATA-1	6.3130307	-1.9766128
AAGTAGGATACAGC-1	0.8120658	11.7049465
AAGTATACCGAACT-1	2.5728931	6.5468526
AAGTCCGACTTGTT-1	3.849146	6.4767766
AAGTCCGATAGAAG-1	3.1697514	4.972563
AAGTCTCTAGTCGT-1	1.8629729	4.7830725
AAGTCTCTCGGAGA-1	2.8072567	9.418804
AAGTGGCTTGGAGG-1	6.4310966	-2.5543175
AAGTTCCTCATTCT-1	9.064266	11.268302
AAGTTCCTTCTTAC-1	0.634923	7.0116844
AATAAGCTCGAATC-1	0.0825354	6.874513
AATAAGCTCGTTGA-1	1.5970353	5.8208113
AATACCCTGGACGA-1	6.6598487	-3.0171647
AATACCCTGGCATT-1	0.3365449	5.0427985
AATACTGAAAGGGC-1	2.179084	9.562443
AATACTGAATTGGC-1	1.4616026	11.585365
AATAGGGAACCCTC-1	5.9890285	-2.1201646
AATAGGGAGAATGA-1	2.1587226	8.944991
AATCAAACTATCGG-1	1.7481185	8.485436
AATCCGGAATGCTG-1	6.547231	-0.89756525
AATCCTACCGGTAT-1	2.4755619	6.037034
AATCCTTGACGGGA-1	8.027784	11.701675
AATCCTTGGTGAGG-1	2.0898266	12.129519
AATCGGTGGAACTC-1	1.4307263	9.393405
AATCGGTGTGCTTT-1	2.1537814	4.923128
AATCTAGAAAAGTG-1	1.837921	6.7081423
AATCTAGAATCGGT-1	2.205243	7.2424955
AATCTCACAGCCTA-1	9.056173	12.445197
AATCTCACTCTAGG-1	1.8417414	4.313206
AATCTCTGAACAGA-1	3.711905	5.0045896
AATCTCTGCTTTAC-1	1.496356	12.146335
AATGATACACCAAC-1	2.0428464	10.482186
AATGATACGGTCAT-1	9.403129	11.952832
AATGCGTGACACCA-1	6.5637436	-1.7014648
AATGCGTGGACGGA-1	10.624908	13.356344
AATGCGTGGCTATG-1	7.231256	-1.7815319
AATGGAGAATCGTG-1	6.9105673	13.382733
AATGGAGATCCTTA-1	1.032675	9.139313
AATGGCTGACACCA-1	6.5932755	-2.33184
AATGGCTGCGTGAT-1	0.75613475	6.4451623
AATGGCTGTAAAGG-1	3.208697	7.232426
AATGGCTGTACTCT-1	1.7729686	9.08848
AATGGCTGTGAAGA-1	2.1320446	4.791473
AATGTAACGGTGGA-1	1.1725559	5.624433
AATGTCCTCTTCTA-1	1.4782019	6.9565315
AATGTTGACAGTCA-1	1.4391247	4.967468
AATGTTGAGTTGAC-1	7.7510953	13.3147335
AATGTTGATCTACT-1	1.5676246	6.3114657
AATTACGAATTCCT-1	10.719613	13.384501
AATTACGACTTCTA-1	2.1132329	3.8397624
AATTACGAGTGAGG-1	-0.5389574	5.9442215
AATTACGATTGGCA-1	6.6881886	-3.1078386
AATTCCTGCTCAGA-1	7.681009	-2.5409598
AATTGATGTCGCAA-1	9.595815	8.993013
AATTGTGACTTGGA-1	5.5240674	-3.3187382
ACAAAGGAGGGTGA-1	3.6423993	6.751496
ACAAATTGATTCTC-1	9.230357	9.563636
ACAAATTGCTCAGA-1	6.027255	12.254163
ACAAATTGTTGCGA-1	0.7140447	11.921006
ACAACCGAGGGATG-1	0.026759496	10.79623
ACAACCGAGTTACG-1	1.3689215	5.1123686
ACAAGAGAAGTCGT-1	9.4251175	12.351931
ACAAGAGACTTATC-1	4.3422055	7.278221
ACAAGAGAGTTGAC-1	7.4563026	-2.0487068
ACAATCCTAACCGT-1	1.7216675	6.180282
ACAATCCTTAGCGT-1	7.3615503	-2.4681733
ACAATTGACTGACA-1	2.2189171	9.830269
ACAATTGATGACTG-1	0.60125935	11.695962
ACACAGACCATACG-1	1.7100563	9.886321
ACACCAGAGGGCAA-1	1.5870008	8.085762
ACACCCTGGTGTTG-1	1.1779621	11.984744
ACACGAACAGTTCG-1	1.701556	7.3630805
ACACGATGACGCAT-1	0.4037372	8.901939
ACACGATGATGTGC-1	7.849402	11.454226
ACACGATGTCGTAG-1	0.4563625	8.517927
ACACGATGTGGTCA-1	1.7364724	8.733157
ACAGACACGGCATT-1	2.0087028	5.4126825
ACAGACACGTTGTG-1	2.366687	4.5609055
ACAGCAACACCTAG-1	6.6082993	10.812055
ACAGCAACCTCAAG-1	9.844083	9.710871
ACAGGTACCCCACT-1	1.658085	5.8067207
ACAGGTACGCTGTA-1	0.9504023	8.57739
ACAGGTACTGGTGT-1	1.6725165	12.282731
ACAGTCGACCCAAA-1	2.1874096	7.1529846
ACAGTCGACCGATA-1	1.5437005	9.366272
ACAGTGACTCACCC-1	0.99851006	7.876423
ACAGTGACTCTATC-1	0.3161431	8.349102
ACAGTGTGGTCACA-1	4.4753304	5.9520483
ACAGTGTGTTGCGA-1	7.5175395	12.986491
ACATCACTCTACTT-1	8.291333	12.537948
ACATGGTGAAGCCT-1	2.112824	5.185995
ACATGGTGCAACCA-1	5.653045	-2.6976533
ACATGGTGCGAGTT-1	2.6340008	3.9289033
ACATTCTGGCATAC-1	0.4736386	4.418031
ACATTCTGGGAACG-1	7.159799	13.497475
ACCAACGACATGCA-1	3.7782447	7.093436
ACCACAGAAAGTAG-1	3.8731196	7.037281
ACCACAGAGTTGGT-1	2.1648526	5.846534
ACCACCTGTGTGCA-1	3.769895	6.7395325
ACCACGCTACAGCT-1	1.90604	5.2992854
ACCACGCTACCCAA-1	1.8274469	8.67156
ACCACGCTGCGAGA-1	3.5579765	6.2530274
ACCACGCTGCTGTA-1	3.259621	5.7012453
ACCAGCCTGACAGG-1	0.5118852	6.1284575
ACCAGTGAACGGTT-1	7.559258	-2.4556773
ACCAGTGAATACCG-1	8.874079	9.438609
ACCAGTGAGGGATG-1	3.0534928	6.900365
ACCAGTGATGACTG-1	6.158566	12.031036
ACCATTACCTTCTA-1	0.9313282	5.293443
ACCATTACGAGATA-1	-0.57539314	5.9706945
ACCATTTGTCATTC-1	2.389282	6.2060523
ACCCAAGAACTGTG-1	2.2359924	9.983451
ACCCAAGAATTCCT-1	9.195688	9.392589
ACCCAAGAGGACAG-1	1.4576268	4.956778
ACCCAAGATTCACT-1	6.907934	-2.7992158
ACCCACTGCGCCTT-1	6.44262	11.699899
ACCCACTGGACAGG-1	4.302827	7.0316005
ACCCACTGGTTCAG-1	6.776328	17.085226
ACCCACTGTCGTAG-1	8.7885685	12.94154
ACCCAGCTCAGAAA-1	1.6106048	6.3434944
ACCCAGCTGTTAGC-1	8.279705	12.831271
ACCCAGCTTGCTTT-1	1.1673526	5.5693026
ACCCGTTGATGACC-1	6.213291	-2.9502733
ACCCGTTGCTGCAA-1	2.0600982	6.348216
ACCCGTTGCTTCTA-1	11.803708	13.95121
ACCCTCGACCTATT-1	2.571772	6.631288
ACCCTCGACGGTAT-1	6.1959066	-3.2688174
ACCCTCGATAAGGA-1	8.609406	10.91941
ACCCTCGATCAAGC-1	7.092023	10.367649
ACCGTGCTACCAGT-1	1.8685684	5.6269655
ACCGTGCTGGAACG-1	5.86203	-1.5140674
ACCTATTGCTGAGT-1	6.5797215	-2.7629874
ACCTATTGTGCCCT-1	9.331993	10.022507
ACCTCCGAGTCCTC-1	0.6058822	6.765153
ACCTCCGATATGCG-1	1.1032549	5.0629697
ACCTCCGATGCTGA-1	2.5760756	7.258092
ACCTCGTGAACCAC-1	1.4596746	8.100526
ACCTGAGATATCGG-1	7.33668	13.928958
ACCTGGCTAAGTAG-1	1.7420973	12.128967
ACCTTTGACTCCCA-1	9.511749	11.979757
ACCTTTGAGGAACG-1	9.295606	12.452913
ACCTTTGAGGAAGC-1	9.238824	10.625764
ACGAACACCTTGTT-1	1.5335408	10.767128
ACGAACTGGCTATG-1	6.840892	17.085543
ACGAAGCTCTCCAC-1	4.2197404	6.759524
ACGAAGCTCTGAGT-1	6.466527	-0.9498041
ACGACCCTATCTCT-1	9.697047	10.227209
ACGACCCTGATGAA-1	2.4947803	7.8633285
ACGACCCTTGACAC-1	5.499646	-2.2708786
ACGACCCTTGACCA-1	3.6897378	6.210057
ACGAGGGACAGGAG-1	11.48055	13.77795
ACGAGGGACGAACT-1	3.3487728	5.0958967
ACGAGGGATGTAGC-1	0.1128611	6.979161
ACGAGTACCCTAAG-1	7.398613	-1.701513
ACGAGTACGAATCC-1	5.6243267	-2.0286632
ACGATCGAGGACTT-1	-0.29483315	10.305805
ACGATCGAGTCACA-1	8.545417	13.1545515
ACGATGACAATGCC-1	-0.040155787	6.450674
ACGATGACTGGTCA-1	0.35724592	6.3721447
ACGATTCTACGGGA-1	2.7372026	8.426479
ACGCAATGGTTCAG-1	0.7590958	10.465471
ACGCACCTGTTAGC-1	6.5142565	-2.7153516
ACGCCACTGAACTC-1	5.9581165	10.820461
ACGCCGGAAACCAC-1	8.516434	12.027161
ACGCCGGAAAGCCT-1	2.9543853	7.364629
ACGCCGGAAATGCC-1	3.2927396	5.483942
ACGCCTTGCTCCCA-1	9.674105	9.644517
ACGCGGTGGCGAGA-1	-0.26474223	5.676187
ACGCGGTGTGTGGT-1	6.5342655	-1.2176344
ACGCGGTGTTTGCT-1	2.092198	10.68237
ACGCTCACAGTACC-1	2.8238552	4.3895926
ACGCTCACCCTTGC-1	2.205118	4.371128
ACGCTGCTGTTCTT-1	1.0955261	11.29792
ACGGAACTCAGATC-1	0.55443656	11.330195
ACGGAACTGTCGTA-1	8.284122	9.929776
ACGGAGGACTCTTA-1	7.8420563	11.565544
ACGGATTGGGAGGT-1	6.604575	-3.0853329
ACGGATTGGTTAGC-1	0.51746255	5.7858877
ACGGCTCTGAGCAG-1	-0.044317074	5.352202
ACGGCTCTTGCACA-1	3.2865474	7.075071
ACGGTAACCGCTAA-1	0.71223706	5.864359
ACGGTAACCTTCGC-1	1.306303	10.173313
ACGGTAACGGTGGA-1	4.506796	6.579082
ACGGTAACTCGCAA-1	1.595325	8.694631
ACGGTATGAGTCGT-1	6.8272104	13.131771
ACGGTATGGGTATC-1	7.523182	-2.727665
ACGGTATGGTTGTG-1	6.761534	-2.1035273
ACGGTCCTAACGGG-1	-0.14801341	5.594368
ACGGTCCTCGGGAA-1	2.9263546	7.348316
ACGTAGACAACCAC-1	1.020609	5.8135686
ACGTAGACTACAGC-1	7.0902348	-1.6330786
ACGTCAGAAACGAA-1	0.45646194	6.0698447
ACGTCAGAGAGCTT-1	7.955282	11.686931
ACGTCAGAGGGATG-1	3.1324246	4.8908386
ACGTCCTGATAAGG-1	7.0254936	13.089554
ACGTCCTGTGAACC-1	9.781397	10.88558
ACGTCGCTCCTGAA-1	1.4010991	11.692932
ACGTCGCTCTATTC-1	7.0739503	11.079819
ACGTCGCTTCTCAT-1	5.845834	-2.4120104
ACGTGATGCCATGA-1	10.931124	13.386019
ACGTGATGGGTCTA-1	3.661448	6.374035
ACGTGATGTAACCG-1	9.034356	9.793778
ACGTGATGTGACAC-1	0.63747126	11.871201
ACGTGCCTCCGTAA-1	1.1135485	6.6830034
ACGTGCCTTCTATC-1	3.0621836	9.050061
ACGTTACTTTCCAT-1	3.3075194	5.8882804
ACGTTGGAAAAGCA-1	3.3770804	4.787896
ACGTTGGAAACCTG-1	1.7337136	9.677492
ACGTTGGACCGTAA-1	6.524633	11.732727
ACGTTGGAGCCAAT-1	0.95131683	11.24314
ACGTTGGATATGGC-1	5.6790056	-2.8564425
ACGTTGGATCAGGT-1	9.1859	11.082631
ACGTTTACATCAGC-1	2.4408114	6.5296884
ACTAAAACCCACAA-1	2.8574433	7.743111
ACTAAAACTCGACA-1	6.8461595	12.934208
ACTACGGAATTTCC-1	0.5794724	4.919793
ACTACGGACCTATT-1	2.283691	5.8913326
ACTACGGATCGCTC-1	1.8432881	4.6654873
ACTACTACTAAGGA-1	2.9726846	6.4567404
ACTAGGTGGAACCT-1	0.3343865	7.074043
ACTAGGTGGAACTC-1	1.3731494	6.8578
ACTATCACCTTGGA-1	0.89820075	9.478098
ACTATCACTGCCAA-1	2.838282	4.700301
ACTCAGGACTGAAC-1	0.10745112	4.967898
ACTCAGGATCTATC-1	7.8481445	-1.9099438
ACTCAGGATTCGTT-1	6.181875	11.237821
ACTCCTCTCAACTG-1	-0.43673068	6.4988594
ACTCGCACGAAAGT-1	7.834764	12.26357
ACTCGCACTACGAC-1	8.143671	12.519317
ACTCTCCTGACACT-1	4.087689	7.086045
ACTCTCCTGCATAC-1	1.2780346	4.52174
ACTCTCCTGTTTGG-1	3.2523217	4.3714204
ACTGAGACAACCAC-1	1.3940495	8.955695
ACTGAGACCCATAG-1	9.406997	9.567099
ACTGAGACGTTGGT-1	5.9084115	-2.0058255
ACTGCCACACACGT-1	1.1539284	9.072135
ACTGCCACTCCGTC-1	0.6362077	11.568771
ACTGGCCTTCAGTG-1	1.6372437	12.154596
ACTGTGGACGTGTA-1	2.220576	9.407739
ACTGTGGATCTAGG-1	5.819275	-1.8891561
ACTGTTACCCACAA-1	6.4030313	12.101179
ACTGTTACTGCAGT-1	2.6724093	4.7731214
ACTTAAGAACCACA-1	3.7987616	5.364765
ACTTAAGATTACTC-1	10.511349	13.424311
ACTTAGCTGCGTAT-1	9.546457	10.154529
ACTTAGCTGGGAGT-1	2.3651268	5.541502
ACTTCAACAAGCAA-1	-1.0113353	7.0583415
ACTTCAACGTAGGG-1	1.6300015	11.471118
ACTTCCCTTTCCGC-1	3.4051838	4.9568133
ACTTCTGACATGCA-1	6.624289	-2.3530114
ACTTGACTCCACAA-1	6.3144426	-1.7412716
ACTTGGGAGAAAGT-1	8.020796	13.243094
ACTTGGGAGGTTTG-1	0.8367601	6.9400945
ACTTGGGATGTGAC-1	6.9323373	10.3056
ACTTGGGATTGACG-1	8.812151	12.1438
ACTTGTACCTGTCC-1	4.290008	6.993762
ACTTTGTGGAAAGT-1	4.048029	6.304663
ACTTTGTGGATAGA-1	8.255427	11.538935
AGAAACGAAAGTAG-1	6.295198	-2.6414456
AGAAAGTGCGCAAT-1	2.119834	6.388154
AGAAAGTGGGGATG-1	6.8940735	11.970648
AGAACAGAAATGCC-1	1.1656085	11.018934
AGAACAGACGACTA-1	6.6300483	-3.6590183
AGAACAGAGACAAA-1	0.6128869	6.7247977
AGAACGCTTTGCTT-1	2.6600294	6.4037666
AGAAGATGTGACTG-1	0.025265804	6.937249
AGAATGGAAGAAGT-1	1.9986933	9.802752
AGAATTTGTAACCG-1	0.15556969	4.9417896
AGAATTTGTAGAGA-1	4.2444844	6.2057457
AGACACACTGTAGC-1	4.002005	5.1569247
AGACACTGTCAAGC-1	6.4564805	13.004663
AGACCTGAAGTAGA-1	8.29631	12.057244
AGACCTGACCAACA-1	1.5901037	6.234879
AGACCTGAGGAAGC-1	0.67348415	8.845496
AGACGTACAGAGGC-1	2.5325875	6.14983
AGACGTACCCCTAC-1	6.4382367	-3.2489412
AGACGTACCTCTTA-1	8.527455	12.639675
AGACGTACTCGTGA-1	8.312659	10.451443
AGACTGACCATCAG-1	1.8238653	9.371207
AGACTGACCCTTTA-1	1.8787266	4.93205
AGACTTCTCATGCA-1	6.925931	-3.7793944
AGAGATGACAGTCA-1	6.1976376	-3.1019197
AGAGATGACTGAAC-1	1.7503973	6.180405
AGAGATGAGGTTTG-1	7.749889	12.143328
AGAGATGATCTCGC-1	5.437946	-1.5406746
AGAGATGATTGTGG-1	1.1220511	4.8458962
AGAGCGGAGGCAAG-1	9.448069	11.240385
AGAGTCTGGTCGTA-1	9.851869	10.049035
AGAGTGCTCAGCTA-1	2.1256223	7.004982
AGAGTGCTCGAATC-1	1.0130908	5.511782
AGAGTGCTGTCATG-1	1.3327239	6.5426955
AGAGTGCTGTCCTC-1	1.194329	8.94709
AGAGTGCTGTGTTG-1	7.7409816	-2.3888268
AGATATACCCGTAA-1	1.3077317	11.817214
AGATATACGATGAA-1	1.1923709	6.8872313
AGATATACTGTTCT-1	6.3050094	-1.3675345
AGATATTGCCTACC-1	1.6925229	9.624365
AGATATTGGCCAAT-1	9.526924	12.660173
AGATCGTGTCTGGA-1	8.470102	11.793955
AGATCGTGTTTGTC-1	7.3916583	-2.7132928
AGATCTCTATCACG-1	6.4393406	-3.5626333
AGATTAACGTTCTT-1	9.355511	10.050708
AGATTCCTATCGTG-1	0.9714012	4.1218243
AGATTCCTCACTTT-1	7.4415917	11.903373
AGATTCCTGACGAG-1	7.3347316	13.384622
AGATTCCTGTTCAG-1	1.466201	12.287728
AGCAAAGATATGCG-1	1.6774393	4.1585703
AGCACAACAGTCTG-1	4.237175	5.2722173
AGCACTGAGGGAGT-1	1.403743	5.5594068
AGCACTGATATGCG-1	0.4303283	5.152812
AGCACTGATGCTTT-1	11.351506	13.585406
AGCACTGATTGCGA-1	4.0083485	5.781799
AGCATCGAAGATCC-1	2.7775006	4.7501254
AGCATCGAAGGGTG-1	5.729756	-1.7163696
AGCATCGAGCTTCC-1	6.5355964	13.010824
AGCATCGAGTGAGG-1	-0.37202612	5.523087
AGCATCGATAACCG-1	8.50988	12.2707205
AGCATGACGATGAA-1	1.7753946	9.139014
AGCCAATGGGGAGT-1	8.904061	9.652939
AGCCAATGTATCTC-1	2.0152686	5.7038856
AGCCACCTGGATCT-1	1.9012463	9.560867
AGCCGGTGCCAATG-1	-0.010980784	5.582799
AGCCGGTGTGTTTC-1	3.9054334	5.850694
AGCCGTCTCAATCG-1	3.887805	5.570229
AGCCGTCTGAGAGC-1	1.5849597	5.495021
AGCCTCACGTTCGA-1	3.6459522	4.8387346
AGCCTCACTGTCAG-1	10.066975	10.517477
AGCCTCTGCAGTTG-1	6.2820816	-2.7413568
AGCCTCTGCCAATG-1	1.5233672	11.101038
AGCGAACTGGATCT-1	2.5739932	6.4350924
AGCGAACTTACTGG-1	1.3997129	7.1022997
AGCGATACGGAGCA-1	4.136406	6.535875
AGCGATTGAGATCC-1	1.4978386	11.140971
AGCGCCGAATCTCT-1	1.9141644	7.630226
AGCGCCGACAGAGG-1	-0.5559435	6.2263055
AGCGCTCTACCTTT-1	3.5599725	6.8134065
AGCGGCACCGGGAA-1	4.0126104	5.007202
AGCGGCTGATGTGC-1	1.476666	4.905153
AGCGGGCTTGCCAA-1	2.3428211	6.9859924
AGCGTAACATGCTG-1	1.2524403	5.2913523
AGCGTAACTGAGAA-1	9.326071	11.4377
AGCTCGCTACTGGT-1	3.127466	4.8041925
AGCTCGCTCTGCTC-1	0.50725234	6.6319284
AGCTGAACCATACG-1	8.861088	9.51712
AGCTGAACCTCTCG-1	1.4799744	4.6769133
AGCTGCCTTGGGAG-1	6.7044206	10.811869
AGCTGCCTTTCATC-1	-0.49921885	5.978619
AGCTGCCTTTCTGT-1	2.588719	6.0839643
AGCTGTGATCCAAG-1	3.3404703	5.668193
AGCTTTACAAGTAG-1	3.151599	7.2682495
AGCTTTACACCAAC-1	0.8929449	9.222338
AGCTTTACTCTCAT-1	5.853745	-2.5508769
AGGAAATGAGGAGC-1	2.563322	7.7619123
AGGAACCTCTTAGG-1	9.49536	10.192497
AGGAACCTTGCCTC-1	1.6742071	8.930972
AGGAATGATAACGC-1	1.664751	6.275276
AGGAATGATTTGTC-1	0.35135618	6.19504
AGGAGTCTGGTTTG-1	1.4448771	5.862864
AGGAGTCTTGTCAG-1	3.562149	5.7932363
AGGATAGACATTTC-1	-0.13559334	6.0904064
AGGATAGAGGATTC-1	2.3708217	10.72042
AGGATGCTACTAGC-1	7.023227	-3.070567
AGGATGCTTTAGGC-1	0.91495013	12.3479185
AGGCAACTGAAGGC-1	2.077546	5.9689536
AGGCAGGAGTACCA-1	1.7247889	8.642772
AGGCCTCTAGTCGT-1	2.2814043	6.343313
AGGCCTCTCGGAGA-1	0.10826116	6.621491
AGGCCTCTCGTAAC-1	3.9728725	7.732531
AGGGACGACGTTGA-1	2.8535056	6.9054227
AGGGACGAGTCAAC-1	0.90835947	12.54868
AGGGACGAGTTGTG-1	3.0636537	5.2352448
AGGGACGATAGAGA-1	2.058038	8.167502
AGGGACGATGCATG-1	1.4141138	9.244934
AGGGAGTGAGCCTA-1	0.9498284	7.058495
AGGGCCACCATACG-1	2.7608178	4.1202235
AGGGCGCTAACCAC-1	6.8256974	13.158081
AGGGCGCTATGGTC-1	1.9582143	6.921673
AGGGTGGACAGTCA-1	6.068583	-1.4975181
AGGGTGGACTCAAG-1	8.193831	11.726145
AGGGTGGAGTTGCA-1	1.4726343	8.629403
AGGGTTTGTTCATC-1	7.962903	11.407497
AGGTCATGAGTGTC-1	7.4554024	-3.041342
AGGTCATGCTTATC-1	0.9292637	8.444543
AGGTCTGATTCTCA-1	8.794067	11.113215
AGGTGGGAAGAATG-1	1.5459262	6.32135
AGGTGGGAAGTTCG-1	3.105003	5.2514334
AGGTGTTGGTTACG-1	5.7635036	-1.8307767
AGGTTCGAACCTCC-1	6.0986485	11.8089075
AGGTTCGAACGTAC-1	7.8521523	11.472173
AGGTTCGAGGGTGA-1	3.5104702	7.322152
AGTAAGGAGTTTGG-1	1.5711024	7.2270565
AGTAAGGATTCTTG-1	1.189072	7.320717
AGTAATACATCACG-1	0.3296816	10.727436
AGTAATACCGAACT-1	6.9035525	-3.2593205
AGTAATTGTCCCAC-1	1.3780401	6.7393956
AGTACGTGAGGGTG-1	1.5547534	6.1278033
AGTACGTGCTGCAA-1	1.6148864	4.0193653
AGTACGTGCTTGGA-1	0.91045296	6.505773
AGTACTCTACGTGT-1	6.448904	-2.9865482
AGTACTCTCAACCA-1	2.0279124	10.1822605
AGTACTCTCGGTAT-1	-0.29463354	4.994152
AGTAGGCTTGCCTC-1	9.670473	11.001157
AGTATAACTTGTCT-1	10.176227	9.821904
AGTATCCTAGAACA-1	3.0802255	6.2441206
AGTCACGATGAGCT-1	0.8103925	11.537333
AGTCAGACGAATAG-1	-0.21777299	5.809094
AGTCAGACGCTTAG-1	2.5035155	7.2068396
AGTCAGACTAGAGA-1	0.8843302	8.627114
AGTCAGACTGCACA-1	0.7894882	6.4037504
AGTCCAGATATCTC-1	4.003157	5.4268923
AGTCCAGATTTCAC-1	2.043851	5.2724237
AGTCGAACCAACCA-1	3.4200711	6.0647087
AGTCGCCTCCGTAA-1	1.533455	6.6006584
AGTCTACTAGGGTG-1	6.7521415	11.555556
AGTCTACTTGCATG-1	9.710224	10.8524
AGTCTTACACCACA-1	4.0767226	5.490947
AGTCTTACTTCGCC-1	0.5041708	8.327823
AGTCTTACTTCGGA-1	6.8489137	16.700274
AGTGACTGCAACTG-1	9.184259	9.796342
AGTGTTCTAACCTG-1	0.6836687	4.9536266
AGTGTTCTATAAGG-1	1.574692	7.2235847
AGTGTTCTCACTTT-1	7.7092786	12.560844
AGTTAAACCACTTT-1	0.58952576	6.615493
AGTTATGAACAGTC-1	8.462495	12.9373
AGTTATGACTGAGT-1	0.24423103	4.9840903
AGTTATGAGTTCAG-1	1.4016546	3.8674457
AGTTCTACCAGCTA-1	6.744642	12.953386
AGTTCTTGAAGCCT-1	1.7716764	9.27218
AGTTGTCTACTACG-1	2.4047074	5.0304494
AGTTTAGATGGTCA-1	2.6837015	4.0241785
AGTTTCACGGTCTA-1	1.9420987	9.583866
AGTTTGCTACAGTC-1	3.099181	5.0468473
AGTTTGCTACTGGT-1	-0.08194475	10.196072
AGTTTGCTCCAAGT-1	1.8354048	4.8802934
ATAAACACAGTGCT-1	6.7146883	-1.4861999
ATAAACACCACCAA-1	2.1021895	4.714266
ATAACAACATGCTG-1	7.603358	13.204627
ATAACAACGTCTAG-1	0.75101143	6.4591885
ATAACAACTTTGTC-1	2.467575	5.8006353
ATAACATGTACTCT-1	0.84358734	5.8055534
ATAACCCTGTTGGT-1	2.421915	7.7982473
ATAACCCTTGGTAC-1	-0.27520856	6.235768
ATAAGTACGAATGA-1	7.3129115	-2.3780847
ATAAGTTGGTACGT-1	7.922576	10.1715765
ATAAGTTGTCTAGG-1	1.9354591	6.120963
ATAATCGAGCTGAT-1	7.047791	-3.4090078
ATAATCGATGGTTG-1	2.770079	6.275788
ATAATGACCTACTT-1	-0.38856715	6.021508
ATAATGACTCGTGA-1	7.0749326	12.148379
ATACAATGTTAGGC-1	2.1855724	4.678351
ATACCACTCGTACA-1	8.329353	12.121257
ATACCACTCTAAGC-1	10.797323	13.253249
ATACCACTGCCAAT-1	0.14121202	9.921994
ATACCGGAATGCTG-1	11.3919525	13.547668
ATACCGGACATTTC-1	7.9307528	11.826912
ATACCGGACTTCGC-1	0.34640613	5.1502323
ATACCGGAGGTGTT-1	7.381469	12.918916
ATACCGGATCTCGC-1	3.1795447	6.7565556
ATACCTACGCATCA-1	0.14419587	6.9348874
ATACCTTGGGGCAA-1	3.3078995	4.9937496
ATACGGACAGACTC-1	5.9265604	12.294054
ATACGGACCTACTT-1	5.973393	11.785794
ATACGGACGAGGTG-1	6.8121114	-2.8587086
ATACGGACTATGCG-1	6.268775	-3.2823071
ATACGGACTCTGGA-1	6.2660885	12.740656
ATACGTCTTAACGC-1	6.9898667	12.451257
ATACTCTGCTTCGC-1	9.984673	11.184459
ATACTCTGGTATGC-1	0.4155645	11.786777
ATAGATACCATGGT-1	0.9273511	7.3458223
ATAGATACGACGAG-1	3.4165287	5.8920326
ATAGATTGGTGTAC-1	6.470064	-1.77842
ATAGCCGAACGGAG-1	3.0994983	4.284171
ATAGCGTGCAGATC-1	0.68364763	5.9602847
ATAGCGTGCCCTTG-1	7.853496	12.219868
ATAGCGTGGTATCG-1	6.1242037	11.595506
ATAGCGTGTCTCTA-1	1.2750275	6.7481036
ATAGCTCTCTGATG-1	3.853477	5.8133345
ATAGCTCTGAGGTG-1	1.7260025	6.915707
ATAGGAGAAACAGA-1	8.71464	11.310514
ATAGGCTGTCAGAC-1	3.1441705	5.52737
ATAGTCCTAGTGTC-1	8.11722	12.311302
ATAGTCCTTGCATG-1	0.8405135	9.438161
ATAGTCCTTGTCGA-1	2.8641038	4.3069687
ATAGTTGACAACTG-1	2.9855006	5.1049747
ATAGTTGACCCTCA-1	9.569668	10.219953
ATAGTTGAGACGTT-1	3.8535845	7.623465
ATAGTTGATAAGCC-1	3.5708961	6.041387
ATATACGAAGCCAT-1	2.437463	4.650903
ATATACGAATTGGC-1	0.7661777	4.6883564
ATATAGTGGAATGA-1	5.8928595	11.554056
ATATGCCTAGATCC-1	6.6754513	12.613129
ATATGCCTGGACAG-1	2.0967882	6.844606
ATATGCCTTCTCTA-1	3.3031476	7.208325
ATATGCCTTGGTAC-1	1.997592	5.518659
ATCAAATGAGCCTA-1	8.071461	11.8637
ATCAAATGGGTAAA-1	9.64065	10.256417
ATCAACCTAAACGA-1	0.48712143	6.1415606
ATCAACCTGAGGAC-1	3.359232	4.4566975
ATCAACCTTCTCTA-1	-0.07955394	7.9717307
ATCAACCTTTGTCT-1	1.3582804	8.656166
ATCACACTTTGTCT-1	2.3741314	6.6289067
ATCACGGATTTCGT-1	6.6360183	-3.1285706
ATCATCTGACACCA-1	6.8382707	17.00208
ATCATGCTAGAGTA-1	2.579258	9.57764
ATCATGCTGAACCT-1	6.5921907	-1.1843226
ATCCAGGACGCTAA-1	8.891524	9.147094
ATCCAGGATGGAAA-1	1.6891358	7.2111554
ATCCATACTCCTTA-1	7.153175	11.280797
ATCCATACTTCATC-1	9.320686	9.310963
ATCCCGTGCAGTCA-1	1.3124921	12.556178
ATCCCGTGCATGCA-1	6.419211	-3.4995213
ATCCCGTGGCTGAT-1	6.2192106	-2.0878184
ATCCGCACGCATCA-1	6.452121	-1.5256361
ATCCTAACGACGGA-1	7.0318003	-2.1346774
ATCCTAACGCTACA-1	0.6048471	6.863099
ATCGACGAAACTGC-1	9.053566	13.214046
ATCGACGAATGACC-1	2.191819	4.7771525
ATCGAGTGGACGTT-1	1.8736957	10.228453
ATCGCAGAATCTCT-1	9.83373	9.724084
ATCGCAGAGTGTCA-1	6.7247844	-1.6128745
ATCGCCACTGAGGG-1	2.6398249	8.86
ATCGCCTGGGTCAT-1	2.0430532	4.6896653
ATCGCCTGTGGCAT-1	6.2757125	-3.7268949
ATCGCGCTCAGAGG-1	6.5183234	12.7856865
ATCGCGCTGGGATG-1	0.4425844	6.6872897
ATCGCGCTTTTCGT-1	7.4099455	-2.7006598
ATCGGAACCAGTCA-1	3.0780876	6.684481
ATCGGTGAGTCAAC-1	2.6443188	5.1771507
ATCGGTGATTGCAG-1	2.760757	4.9133563
ATCGTTTGCCTACC-1	9.313238	11.862265
ATCGTTTGGGTACT-1	7.0589967	11.908815
ATCGTTTGTGCCAA-1	6.1448007	11.42071
ATCTACACCCGCTT-1	5.9498835	11.486246
ATCTACACCGGGAA-1	0.7380331	5.403953
ATCTCAACAGGAGC-1	6.774119	-2.7506676
ATCTCAACCTCGAA-1	4.605201	7.243779
ATCTCAACCTTGTT-1	5.892887	12.656009
ATCTGGGAAACCAC-1	8.37076	12.965913
ATCTGGGAAGTGTC-1	9.375427	11.870791
ATCTGGGATTCCGC-1	0.8383536	7.8000736
ATCTGTTGAACGGG-1	-0.29208422	5.7880683
ATCTGTTGACCTCC-1	1.5620977	5.9403343
ATCTGTTGCCTTCG-1	9.542581	10.226515
ATCTGTTGGTTGCA-1	1.641748	5.8872657
ATCTTGACACCAAC-1	2.2648206	5.785781
ATCTTGACCTCCCA-1	7.1867	11.580372
ATCTTTCTGCATCA-1	4.114489	7.685417
ATCTTTCTGTTTCT-1	0.9660215	8.325604
ATCTTTCTTGTCCC-1	1.1668984	12.458923
ATGAAACTCTGTGA-1	1.5036749	4.984001
ATGAAACTGAGGCA-1	2.7115831	5.3231955
ATGAAGGAACAGCT-1	0.30469456	9.133824
ATGAAGGACCTGTC-1	7.058831	-2.4079854
ATGAAGGACCTTAT-1	6.0870256	-3.2958183
ATGAAGGACTAGTG-1	5.446838	-2.9395099
ATGAAGGACTTGCC-1	1.4700899	12.107908
ATGACGTGACGACT-1	7.1675053	-2.4081903
ATGACGTGATCGGT-1	9.578585	11.092788
ATGAGAGAAAGTGA-1	1.4628257	6.3647766
ATGAGAGAACGCAT-1	3.3152506	5.5727873
ATGAGAGAAGTAGA-1	7.711227	-2.5698967
ATGAGCACACAGCT-1	2.2034345	3.896326
ATGAGCACATCTTC-1	1.3571666	5.817651
ATGATAACTTCACT-1	1.2788643	11.735491
ATGATATGAAACAG-1	0.22551306	5.6808314
ATGATATGACTGGT-1	1.966275	5.3366036
ATGATATGAGCACT-1	2.4329393	4.840231
ATGATATGGTCATG-1	2.0717652	5.342179
ATGATATGGTGCTA-1	0.9072736	11.949943
ATGATATGTTGTCT-1	9.451918	11.3022785
ATGCACGAATGTCG-1	6.481868	-2.2571135
ATGCACGACTGTAG-1	1.996326	6.312569
ATGCACGAGAACCT-1	5.402861	-1.8466871
ATGCACGAGTTCGA-1	1.4189785	4.958489
ATGCACGATTGGTG-1	9.908861	11.464688
ATGCAGTGTTACCT-1	7.318539	-3.0795102
ATGCAGTGTTCTAC-1	1.2419224	4.829366
ATGCCAGAACGACT-1	2.4150167	6.0370054
ATGCCAGACAGTCA-1	6.5250187	12.309737
ATGCCGCTTGAACC-1	8.141523	11.261689
ATGCGATGCTATGG-1	8.8668995	11.435574
ATGCGATGCTGAGT-1	1.0245098	6.3303456
ATGCGATGGTTACG-1	5.3560195	-2.3322039
ATGCGCCTTCATTC-1	3.4605968	6.019659
ATGCTTTGCGAATC-1	1.2353624	4.7785754
ATGCTTTGGGCGAA-1	2.3255165	8.845893
ATGCTTTGTAGTCG-1	6.602455	-2.6526551
ATGGACACATCGGT-1	-0.16569078	6.7046437
ATGGACACGCATCA-1	1.5492529	11.305416
ATGGGTACAACCTG-1	6.8783536	-2.0769057
ATGGGTACATCGGT-1	1.9090168	11.710783
ATGGGTACTATTCC-1	0.9931507	5.099917
ATGGGTACTGGGAG-1	0.060288694	6.540379
ATGTAAACACCTCC-1	1.975776	4.756891
ATGTAAACCCGCTT-1	0.8727677	5.0192537
ATGTAAACGGGATG-1	10.696683	13.248701
ATGTAAACTCTCCG-1	-0.59296626	6.9502854
ATGTAAACTTCACT-1	8.816041	12.568451
ATGTACCTCAGTCA-1	2.1310644	7.6997104
ATGTACCTTAGTCG-1	-0.18623342	5.9082456
ATGTACCTTTATCC-1	7.1834793	12.263179
ATGTACCTTTCACT-1	2.2457173	9.680786
ATGTCACTAATGCC-1	7.6746416	13.070767
ATGTCACTCTGCTC-1	3.409798	7.0493193
ATGTCGGAGGTGAG-1	-0.019494435	6.222339
ATGTTCACAGTCTG-1	7.820227	12.878874
ATGTTCACCGTAGT-1	0.30024475	5.6115375
ATGTTGCTTTCAGG-1	1.2289685	7.298025
ATTAACGATGAGAA-1	1.4995869	10.657281
ATTAACGATGCAAC-1	2.2324576	10.740174
ATTAAGACTGCAGT-1	-0.10220109	6.378255
ATTACCTGCCTTAT-1	7.439667	13.292545
ATTACCTGGAGGAC-1	9.632244	10.659619
ATTAGATGTTTCAC-1	4.3369927	5.923443
ATTATGGAATCTCT-1	-0.65793616	6.1949143
ATTCAAGAACGGGA-1	2.4634438	5.765212
ATTCAAGACCTTTA-1	1.7904515	5.2316146
ATTCAGCTCATTGG-1	6.9247103	16.902796
ATTCCAACCATTGG-1	8.369174	13.083416
ATTCCAACTTAGGC-1	1.2246468	10.862992
ATTCGACTCACTAG-1	0.71730286	6.1782417
ATTCGACTGAATAG-1	7.9601808	11.842393
ATTCGACTTTTGTC-1	8.866877	9.463605
ATTCGGGAAAGGCG-1	7.0749607	12.135853
ATTCGGGATTAGGC-1	1.689628	5.8734264
ATTCTTCTGATACC-1	1.7092377	7.581436
ATTGAATGGACGGA-1	3.2853909	7.5178714
ATTGATGAAGGTTC-1	3.5495472	5.3132634
ATTGATGACTGAGT-1	2.7814949	6.0422153
ATTGATGAGCGAAG-1	0.2646613	5.892733
ATTGATGATCTATC-1	2.3267653	4.916443
ATTGCACTGACGGA-1	4.223483	5.8853245
ATTGCACTGAGAGC-1	8.842146	10.518514
ATTGCACTGGAGCA-1	6.8387084	11.394058
ATTGCACTTAGCCA-1	2.8835964	5.660389
ATTGCACTTGCTTT-1	9.364672	9.206272
ATTGCTTGTTACTC-1	6.181493	-1.6330245
ATTGGTCTGACTAC-1	5.631635	-2.1008034
ATTGGTCTTGTCTT-1	6.1187963	-2.3006399
ATTGTAGATTCCCG-1	11.153805	13.423444
ATTGTAGATTGCAG-1	3.0948846	7.432406
ATTGTCTGCGTACA-1	1.7785997	4.5142894
ATTTAGGAACCATG-1	10.182539	10.141103
ATTTAGGACAGAGG-1	0.3526124	5.655867
ATTTCCGAGATGAA-1	1.8192565	6.8289275
ATTTCCGAGTGCTA-1	2.577399	4.1354923
ATTTCGTGTATGGC-1	1.1739154	10.747457
ATTTCTCTACTTTC-1	10.019399	10.160307
ATTTCTCTAGCAAA-1	-0.4620348	6.1558537
ATTTCTCTCACTTT-1	8.340395	10.643073
ATTTCTCTTCCCAC-1	2.4777317	5.433857
ATTTGCACAAGATG-1	5.9388914	12.660971
CAAAGCACAGCTCA-1	1.4589078	4.4198246
CAAAGCACCGTAAC-1	5.7240877	-2.2654214
CAAAGCACGGTAAA-1	2.6512868	10.320921
CAAAGCTGAAAGTG-1	2.8596556	5.2171836
CAAAGCTGTTGCTT-1	7.244111	12.753237
CAAATATGTGACAC-1	3.3727026	6.1106634
CAAATTGAGGGCAA-1	2.7892623	7.3739367
CAAATTGATGGAGG-1	5.837817	11.587878
CAACCAGAAAAGTG-1	3.1298964	4.9389224
CAACCAGAAGTGCT-1	1.3528523	6.3945036
CAACCAGAGTTCAG-1	8.755226	11.951131
CAACCAGATAGAAG-1	5.870709	11.43955
CAACCGCTGTTCAG-1	2.5184357	5.236021
CAACCGCTTTGAGC-1	1.6927943	5.4610453
CAACGATGCGCAAT-1	9.690121	10.562824
CAACGTGACTCCAC-1	8.726095	11.611743
CAACGTGAGCCATA-1	2.3911326	10.668512
CAACGTGATCAAGC-1	8.815112	11.796875
CAAGAAGACCACAA-1	1.3177645	8.289219
CAAGAAGACGTCTC-1	9.629098	11.87705
CAAGAAGATTCTAC-1	2.8060508	4.498026
CAAGACTGACCTGA-1	5.723601	-2.2062006
CAAGACTGAGTAGA-1	7.2318845	-1.2388437
CAAGCTGACCATAG-1	9.920887	9.690095
CAAGCTGATCTATC-1	1.7160009	10.410218
CAAGGACTGTTCAG-1	3.239937	4.4287114
CAAGGACTTCTTTG-1	1.7114121	8.635268
CAAGGTTGCTCCAC-1	1.3399627	4.0015564
CAAGGTTGTCATTC-1	6.627166	-3.4286697
CAAGGTTGTCTGGA-1	0.29215223	11.325554
CAAGTCGAAACAGA-1	7.398901	-2.9405427
CAAGTCGATAGCGT-1	7.498193	12.230263
CAATAAACGCCATA-1	6.271478	11.097723
CAATAATGAACTGC-1	6.897595	12.936835
CAATATGACATGGT-1	0.7526888	4.8255396
CAATATGACCTTCG-1	2.0498602	11.29038
CAATATGACGTTAG-1	3.6942039	4.7694745
CAATATGAGGAGCA-1	0.84762585	6.7996144
CAATCGGAGAAACA-1	1.6109192	7.2849493
CAATCTACTGACTG-1	1.0111444	10.626545
CAATTCACCCAACA-1	1.9772977	10.681615
CAATTCACGATAGA-1	1.5709043	5.9540215
CAATTCACTTGTGG-1	4.5644755	6.5424714
CAATTCTGCTTGTT-1	8.411463	11.360786
CAATTCTGGCGTAT-1	7.5459633	10.857539
CACAACGATACGAC-1	3.168268	4.825363
CACAATCTTGTTCT-1	1.2619853	6.4368167
CACAATCTTTCCAT-1	0.89070964	7.874982
CACACCTGCTTGAG-1	3.8044899	4.7558
CACACCTGTATGGC-1	3.226334	7.0565763
CACAGAACCCTTGC-1	5.074693	-1.0216254
CACAGAACCTGATG-1	0.6203519	4.9467864
CACAGATGGGATTC-1	2.672122	6.1427283
CACAGATGGTTTCT-1	7.1038527	13.279888
CACAGCCTGATACC-1	-0.06542887	7.911079
CACAGCCTTGCCAA-1	8.582688	10.154762
CACAGCCTTGTAGC-1	0.90147746	5.459977
CACAGTGATGAAGA-1	8.057107	12.247289
CACATACTACAGCT-1	1.8281378	9.877258
CACATGGAACACGT-1	1.0333678	6.341038
CACATGGAAGTCGT-1	4.0538826	4.8776946
CACCACTGCCAACA-1	2.2919216	5.8586545
CACCACTGGCGAAG-1	-0.21067946	10.494544
CACCCATGTTCTGT-1	4.106167	7.8782473
CACCGGGAATCGAC-1	-0.46719804	6.7924056
CACCGGGACGAGAG-1	1.8662914	9.894648
CACCGGGACGTGTA-1	1.7882884	5.9177194
CACCGGGACTTCTA-1	-1.257037	6.916325
CACCGGGACTTGCC-1	2.0181854	10.313582
CACCGGGATTCGGA-1	1.5870762	10.201162
CACCGTACTAAGGA-1	6.8315406	-3.5377405
CACCGTACTAGCGT-1	2.1281514	5.457261
CACCTGACACCCAA-1	2.335912	10.271704
CACCTGACCAGAAA-1	1.3012338	7.015571
CACCTGACCTCAAG-1	2.2594156	9.820432
CACCTGACGAAAGT-1	6.807299	-1.8559213
CACCTGACTCGTAG-1	2.054675	7.0613437
CACGAAACTTCCGC-1	6.0283914	-2.6675658
CACGACCTCGATAC-1	6.6976166	-2.044601
CACGCTACAGAAGT-1	3.4935117	7.2038107
CACGCTACTGTTCT-1	7.304555	-2.4942966
CACGGGACAGAGTA-1	1.896325	5.978283
CACGGGACATAAGG-1	2.5868163	4.6545587
CACGGGACGTAGGG-1	1.1861364	4.139107
CACGGGTGCTTCGC-1	2.0584486	9.90445
CACGGGTGGAGGAC-1	1.1431414	10.02137
CACGGGTGTGTTTC-1	4.2501884	7.4881673
CACTAACTCCTAAG-1	6.292477	-1.5864184
CACTAACTGAAAGT-1	1.028763	4.2981386
CACTAGGATGATGC-1	6.2699614	-3.44388
CACTATACCCCGTT-1	6.11107	-1.5082773
CACTATACGTTTGG-1	2.781875	9.715676
CACTGAGACAGTCA-1	6.1946716	11.253686
CACTGCACTTCATC-1	2.1849356	6.35476
CACTGCTGAGACTC-1	9.515031	10.447131
CACTGCTGGAAAGT-1	0.12747338	6.2263246
CACTTAACCGAATC-1	-0.03540226	6.3944626
CACTTAACCGTACA-1	6.7524595	-2.1936564
CACTTTGACTCTAT-1	1.9743482	8.971146
CACTTTGAGCTGTA-1	2.8729694	8.3208685
CAGAAGCTCTCAAG-1	4.0743146	5.373807
CAGACATGAACGGG-1	2.8023672	6.056106
CAGACATGTCGACA-1	0.69526064	6.1754456
CAGACCCTAAGGTA-1	9.288032	9.452927
CAGACCCTAATGCC-1	2.3030357	4.7963085
CAGACCCTAGGAGC-1	0.7638145	6.365629
CAGACTGAGTATGC-1	2.3764246	4.8924317
CAGATCGAATGTCG-1	6.79853	-2.0750346
CAGATCGACCTGAA-1	1.6466174	8.163136
CAGATCGATATGGC-1	2.9034352	6.8379035
CAGATGACATTCTC-1	2.0827653	11.421141
CAGCAATGCCTTCG-1	0.46453696	5.234585
CAGCAATGGAGGGT-1	0.26666358	11.939283
CAGCAATGGTGCTA-1	1.7031499	5.43136
CAGCAATGTCTACT-1	6.3967237	12.502424
CAGCAATGTGACCA-1	2.1542828	7.072781
CAGCAATGTGAGGG-1	6.224889	11.640902
CAGCACCTAAGCCT-1	1.8215902	5.7815437
CAGCACCTAGGCGA-1	3.8754182	6.415518
CAGCACCTGTAGGG-1	8.296965	12.2460165
CAGCATGACAACCA-1	8.367114	12.248766
CAGCATGAGACGTT-1	0.35594544	8.465183
CAGCCTACCCAACA-1	0.7684573	7.1257315
CAGCCTTGCTACCC-1	7.3691945	11.674587
CAGCCTTGGGGACA-1	0.59975135	5.188388
CAGCGGACACCCTC-1	3.0178633	4.961157
CAGCGGACCTTTAC-1	1.3529378	11.535106
CAGCGTCTAAAGCA-1	2.065564	5.956329
CAGCGTCTTATCGG-1	1.3641587	4.404875
CAGCTAGATGTGAC-1	6.620087	12.071124
CAGCTCTGAGGCGA-1	0.8640771	5.6675773
CAGCTCTGCAAGCT-1	2.0510192	9.277209
CAGCTCTGTCGTAG-1	8.995624	12.339686
CAGCTCTGTGTGGT-1	1.641037	12.232729
CAGGAACTAACTGC-1	1.2791514	8.54666
CAGGAACTCTCAGA-1	7.432802	13.016391
CAGGCCGAACACCA-1	1.1343522	4.361881
CAGGCCGAACACGT-1	-0.16729642	5.724353
CAGGCCGAACGACT-1	1.5213773	6.55712
CAGGCCGAATCTCT-1	7.6406884	10.422683
CAGGCCGACTAGCA-1	7.7257695	-1.7984167
CAGGGCACCATACG-1	6.772482	-2.6904151
CAGGGCACCCAACA-1	2.438676	5.776853
CAGGGCACTCCCGT-1	1.4294685	7.122537
CAGGTAACAGACTC-1	8.605209	11.294672
CAGGTATGAGTCGT-1	2.1056411	7.3184133
CAGGTATGTGCTTT-1	-0.8728456	6.028433
CAGGTTGAGGATCT-1	6.827824	-0.93241876
CAGTGATGGACGGA-1	7.3848987	-2.637553
CAGTGATGGCTAAC-1	2.626512	10.463525
CAGTGATGGGACAG-1	1.0885512	4.982159
CAGTGATGTAAGGA-1	7.0067363	-1.7105076
CAGTGATGTACGCA-1	4.84578	7.0847106
CAGTGTGATGTCAG-1	3.6665654	6.539525
CAGTTACTAAGGTA-1	7.071867	-2.0968513
CAGTTACTGATAGA-1	0.43067786	4.707576
CAGTTGGAAAGAGT-1	9.012592	11.786531
CAGTTGGACATACG-1	0.5201026	5.218481
CAGTTTACACACGT-1	1.0760047	11.6050825
CAGTTTACCCCAAA-1	3.8263416	5.0623913
CATAAAACGGAGCA-1	6.312514	12.956845
CATAAATGAACTGC-1	4.040756	5.862895
CATAACCTTCTCCG-1	1.1371071	5.1218634
CATACTACCTCGAA-1	3.5171552	6.723847
CATACTACCTGAAC-1	3.3516665	5.3440967
CATACTACGTACCA-1	7.3875685	10.888025
CATACTTGGGTTAC-1	9.68185	9.311884
CATAGTCTAATCGC-1	3.2547002	6.0483103
CATAGTCTCACTTT-1	1.7938799	3.8991556
CATATAGACTAAGC-1	10.692262	13.369905
CATATAGATCAGGT-1	7.4886217	-2.1205575
CATCAACTAGAAGT-1	1.1601449	5.687034
CATCAACTCCCTCA-1	1.696302	6.2638736
CATCAGGACTTCCG-1	1.0962098	11.975001
CATCAGGATAGCCA-1	1.9445693	11.449445
CATCAGGATCCTAT-1	9.55515	9.446302
CATCAGGATGCACA-1	8.565877	11.190722
CATCAGGATTTCGT-1	6.0217705	12.791186
CATCATACCGCATA-1	9.472708	11.728274
CATCATACGGAGCA-1	6.2491603	-2.1769626
CATCATACTCAAGC-1	1.0906097	4.3707705
CATCGCTGGGATCT-1	0.14536428	6.5648885
CATCGCTGTGGCAT-1	6.9250255	-3.3664455
CATCGGCTATGCTG-1	1.2070658	5.0488048
CATCGGCTTTGGCA-1	2.5939224	7.479574
CATCTCCTATGTGC-1	7.2454815	-3.2583156
CATCTCCTCGAACT-1	8.925378	10.253376
CATGAGACACGGGA-1	6.3544025	-3.5290382
CATGAGACGTTGAC-1	0.8566394	12.177069
CATGAGACTCGCCT-1	3.8910384	6.03553
CATGCCACGGGTGA-1	3.4261622	6.711824
CATGCCACTGCCAA-1	0.41608214	6.9466558
CATGCGCTAGTCAC-1	10.230333	9.902424
CATGCGCTCAGATC-1	6.217368	12.443716
CATGCGCTTTGCAG-1	9.920903	9.272376
CATGGCCTAGGGTG-1	6.088393	11.347437
CATGGCCTGTGCAT-1	1.9793097	5.151783
CATGTACTATCGTG-1	1.6707929	10.400104
CATGTTACAGTCGT-1	1.419577	9.433147
CATGTTACCTGAGT-1	3.1025677	6.015121
CATGTTTGGGGATG-1	7.8233767	12.57975
CATTACACACGGAG-1	6.1189904	-3.0876696
CATTACACCAACTG-1	1.4002311	12.461399
CATTACACGGAGTG-1	0.2173108	5.1448765
CATTACACTACTCT-1	3.439144	6.1264935
CATTAGCTCCACAA-1	8.695521	11.604416
CATTGACTAGCGGA-1	7.071451	12.644484
CATTGGGACTCGAA-1	1.0728604	5.659787
CATTGTACAGCGTT-1	2.9281511	5.9680834
CATTGTACTCGATG-1	6.493524	-2.149144
CATTGTACTTATCC-1	3.5338337	4.843354
CATTGTACTTTGCT-1	9.879889	10.417462
CATTGTTGCTAGTG-1	3.0948865	6.1851573
CATTTCGACTCTAT-1	1.5470178	9.243242
CATTTCGAGATACC-1	1.8373193	12.371786
CATTTGACCACACA-1	2.1754103	9.399957
CATTTGACCCTGAA-1	1.296696	9.427431
CATTTGTGACGACT-1	5.7867627	-2.1989741
CATTTGTGCATTGG-1	2.387343	4.401031
CATTTGTGCGGAGA-1	2.6689653	4.8156137
CATTTGTGGGATCT-1	7.247565	-2.0445478
CCAAAGTGCTACGA-1	9.701165	11.969096
CCAAAGTGTGAGAA-1	6.3662915	11.12171
CCAACCTGAAGTAG-1	2.492905	10.654128
CCAACCTGACGTAC-1	7.0336294	12.845098
CCAACCTGTTCGCC-1	7.3691683	13.005135
CCAAGAACCCAATG-1	1.9825104	7.807199
CCAAGAACGTAGCT-1	0.44229555	5.5565186
CCAAGAACGTGTCA-1	2.159113	4.3995395
CCAAGAACTACTGG-1	2.146297	10.232247
CCAAGAACTCCTAT-1	5.3381925	-2.2912445
CCAAGATGTCATTC-1	2.8819938	4.748686
CCAAGATGTTTCAC-1	2.3114307	5.6682687
CCAAGTGAGGAACG-1	3.3724072	5.0265317
CCAAGTGATCAAGC-1	2.0538163	4.3755603
CCAATTTGAACGTC-1	7.710726	11.61589
CCACCATGAACGTC-1	3.0479543	6.251876
CCACCATGATCGGT-1	2.9195466	5.401781
CCACCATGGACGAG-1	9.366585	10.037404
CCACCATGGGGAGT-1	3.1080055	5.691781
CCACCATGTCCTGC-1	2.2850716	9.936683
CCACTGACCCGCTT-1	6.915182	12.34571
CCACTGTGGGAAGC-1	5.7676787	12.074456
CCACTGTGTGTAGC-1	2.4603844	5.6344495
CCACTTCTCGGGAA-1	7.7465515	11.708175
CCAGAAACCCTGTC-1	6.999926	-2.416197
CCAGAAACGAACTC-1	0.0342196	4.7705245
CCAGAAACGGTCTA-1	3.0951588	5.9584465
CCAGACCTCTGAGT-1	5.5245714	11.240352
CCAGACCTTGTGGT-1	1.5078387	7.6037908
CCAGCACTGCGATT-1	9.107674	10.551545
CCAGCGGAAAGGCG-1	6.364797	11.821787
CCAGCGGACGACTA-1	7.168636	13.430023
CCAGCGGATGGGAG-1	1.6431235	4.2522883
CCAGCTACACAGTC-1	2.556621	6.252262
CCAGCTACCAGCTA-1	7.193544	-2.92082
CCAGGTCTACACCA-1	6.1314535	-2.2480588
CCAGGTCTAGCATC-1	7.7537947	12.51818
CCAGGTCTATGGTC-1	2.482962	6.073503
CCAGTCACACTGGT-1	6.999522	12.433133
CCAGTCACACTGTG-1	7.0737	-2.7428274
CCAGTCACGTTGTG-1	1.6247174	4.8835535
CCAGTGCTAACCAC-1	-0.27681795	5.4607754
CCAGTGCTCGTAGT-1	1.1165651	7.0621815
CCATCCGAAAGCAA-1	1.7703879	6.8128905
CCATCCGAACGACT-1	2.5574536	8.16628
CCATCCGAAGGTTC-1	6.3676004	-2.665033
CCATCCGATTCGCC-1	6.514743	11.47923
CCATCGTGAACGGG-1	0.13987336	7.1210327
CCATCGTGCTAGAC-1	8.591849	10.565487
CCCAACACCTCGCT-1	6.2579904	-1.1455522
CCCAACACGCATCA-1	1.7400423	5.7575016
CCCAACACTTTGTC-1	9.3109255	12.72906
CCCAACTGCAATCG-1	6.3219566	11.433822
CCCAGACTGCCTTC-1	9.922007	11.54747
CCCAGACTGGTTTG-1	6.212263	-1.636553
CCCAGACTTTCGCC-1	8.831138	9.696397
CCCAGTTGCAGTTG-1	8.836523	12.450519
CCCAGTTGGGTACT-1	1.658494	7.5588517
CCCAGTTGTCTATC-1	7.0382795	-2.3583496
CCCGATTGTGTTTC-1	2.1434517	6.1672263
CCCGGAGAAGGGTG-1	6.0792108	11.721489
CCCTACGAATTGGC-1	7.355254	12.96769
CCCTAGTGCAAAGA-1	0.27567226	6.095136
CCCTCAGACACTTT-1	7.2607484	-1.4148662
CCCTCAGACGAGAG-1	1.6892947	4.986409
CCCTCAGAGGTCAT-1	3.043193	6.030756
CCCTGAACTAAAGG-1	6.1061287	-3.1898048
CCCTGATGCAACCA-1	1.7819471	4.435847
CCCTGATGCAAGCT-1	5.813981	-2.0972712
CCCTTACTAACCAC-1	8.776337	12.910259
CCCTTACTGCAGTT-1	2.9027953	7.9448304
CCGAAAACCTTGTT-1	10.145823	11.063281
CCGACACTGGTTTG-1	0.6336816	5.355081
CCGACTACCCAGTA-1	8.471511	13.168165
CCGACTACCGTGTA-1	4.367753	6.8628235
CCGACTACTGAGGG-1	1.7865784	6.3003516
CCGATAGACCTAAG-1	4.8520837	7.236383
CCGATAGAGTTGGT-1	8.578703	10.635162
CCGCGAGACACACA-1	7.6051817	12.636588
CCGCGAGAGGTTCA-1	0.36701995	8.728657
CCGCTATGGGACGA-1	7.46695	-2.5134363
CCGCTATGTGCAAC-1	8.731849	11.997362
CCGCTATGTGCACA-1	7.749902	12.692519
CCGGTACTGTCCTC-1	2.0933583	4.1145988
CCGTACACAAGCAA-1	3.3918242	5.335192
CCGTACACAGCGTT-1	5.4880347	-2.4983437
CCGTACACGTCATG-1	2.7486138	10.004538
CCGTACACGTTGGT-1	8.524489	12.831776
CCGTACACTAACGC-1	-0.039870385	7.023536
CCTAAACTTTCGTT-1	3.492379	6.7593737
CCTAAGGACCCAAA-1	3.3498313	5.934798
CCTAAGGACTAGCA-1	6.4289613	12.533457
CCTAAGGAGGGCAA-1	3.4740987	7.851578
CCTAAGGATGATGC-1	1.502577	4.250057
CCTAAGGATGTCAG-1	2.7291992	4.02266
CCTACCGACTCTTA-1	2.7558115	6.713249
CCTACCGAGGGATG-1	6.834558	-2.0440798
CCTAGAGAGGTGAG-1	6.9744115	-2.8344517
CCTATAACCAAAGA-1	0.30315354	5.733227
CCTATAACGAGACG-1	7.8433123	10.292699
CCTATAACTCAGAC-1	2.144907	5.919078
CCTATAACTGCATG-1	7.706677	10.046742
CCTCGAACACTTTC-1	1.6521844	12.034976
CCTCGAACCCGTAA-1	7.220425	10.785487
CCTCGAACGTATCG-1	1.7980437	5.614589
CCTCGAACTTACTC-1	0.9720416	4.4092464
CCTCTACTCTTCGC-1	7.5727577	13.306464
CCTCTACTGGCATT-1	3.1940947	5.712102
CCTGACTGAAGTAG-1	1.4169929	8.214998
CCTGACTGGGGAGT-1	2.8627963	6.325849
CCTGACTGTGTCTT-1	6.9642386	-2.775107
CCTGCAACACGTTG-1	7.3962774	13.126087
CCTGGACTCGTGAT-1	2.9608788	6.261991
CCTTAATGCCCAAA-1	6.2413774	-2.8907692
CCTTAATGTTCTAC-1	9.477185	10.71547
CCTTCACTACGACT-1	1.8835205	4.9587517
CCTTCACTCAGTCA-1	5.977797	-1.4819639
CCTTCACTGGAGTG-1	6.0215244	12.854481
CCTTTAGATTCATC-1	8.728526	12.845016
CGAACATGCCCTAC-1	8.905723	11.093384
CGAACATGTCAGAC-1	1.9991528	6.75244
CGAAGACTGGAACG-1	1.276437	9.130699
CGAAGACTGTTACG-1	2.0344865	6.0036383
CGAAGGGAAACCTG-1	1.2828221	9.678806
CGAAGGGATCCGAA-1	5.661058	-1.5819323
CGAAGTACCAACTG-1	6.061519	-2.7755775
CGAATCGAGGAGCA-1	6.022283	11.068251
CGAATCGAGGAGGT-1	1.061879	4.5364957
CGACAAACCCATAG-1	1.839525	6.5226912
CGACAAACCGACAT-1	5.6714115	-1.7674042
CGACCACTAAAGTG-1	0.8948505	11.640131
CGACCACTGCCAAT-1	1.3351637	11.507696
CGACCGGAAGGTCT-1	1.8196388	5.2360067
CGACCGGATGGAAA-1	0.94178915	6.57016
CGACCTTGCTAGTG-1	1.4396315	5.9638023
CGACGTCTATCGTG-1	2.8289676	7.9737706
CGACGTCTCGTGTA-1	2.956746	6.81875
CGACGTCTGAGGCA-1	4.541855	6.4790454
CGACTCACGTCGTA-1	2.7561193	6.680042
CGACTCACGTTGCA-1	3.3925393	7.4731784
CGACTCTGTGTGAC-1	0.035553467	7.521601
CGACTGCTTCCTCG-1	7.6714935	12.58002
CGAGAACTAAGGCG-1	2.7708266	9.046335
CGAGAACTACGTTG-1	3.629582	6.861464
CGAGAACTTGTTCT-1	8.534669	12.827212
CGAGATTGGACACT-1	1.9951258	10.430706
CGAGATTGGCCATA-1	2.8113096	9.3662
CGAGCCGAACACCA-1	2.462653	6.786407
CGAGCCGAGGCGAA-1	2.2278752	7.207605
CGAGCGTGCTCCAC-1	0.96209586	4.5405126
CGAGCGTGGATACC-1	0.9096517	6.3582387
CGAGCGTGTATGCG-1	6.476037	13.038156
CGAGGAGACCTCCA-1	7.771172	-2.492764
CGAGGAGATGTCGA-1	4.3304806	7.0003386
CGAGGCACCTATGG-1	2.1345503	10.596038
CGAGGCACTATGCG-1	9.496757	12.764358
CGAGGCACTCTTCA-1	2.6361089	7.7167506
CGAGGCTGACGCTA-1	1.7182262	11.827152
CGAGGCTGGCAGTT-1	8.20291	12.683195
CGAGGGCTACGACT-1	6.6407685	-3.1100063
CGAGGGCTCGAATC-1	4.258781	7.7600746
CGAGTATGTCACCC-1	9.218462	9.854639
CGATACGAACAGTC-1	8.795979	11.67411
CGATACGACAGGAG-1	-1.2350985	6.9312563
CGATACGATTCACT-1	6.6931415	-1.8696061
CGATAGACCCGTAA-1	8.004205	10.940226
CGATAGACCGTACA-1	0.6423154	6.009655
CGATAGACGTAGGG-1	7.293773	12.449871
CGATAGACTGTTCT-1	2.9727285	6.7617683
CGATCAGAAGAACA-1	1.5328139	9.357632
CGATCAGAGAGGGT-1	1.6107972	5.0842075
CGATCAGAGGTACT-1	0.076106906	5.5269566
CGATCAGATGTGAC-1	11.809702	14.012166
CGATCCACCGGGAA-1	0.49806497	9.065202
CGATCCACTTCCAT-1	5.193878	-2.7861695
CGCAAATGCTCGAA-1	4.0774245	7.4211154
CGCAACCTCCTTGC-1	1.3545322	5.128791
CGCAACCTGGACGA-1	1.6900021	4.081458
CGCACGGAGGACGA-1	7.2340455	-2.6270134
CGCACGGATCTTTG-1	4.352245	5.461205
CGCACTACAGAATG-1	1.2819234	6.393094
CGCACTACAGCCAT-1	0.9287089	6.07977
CGCACTACATTGGC-1	1.4358402	7.194715
CGCACTACTCGCCT-1	6.8119116	-2.763143
CGCACTACTCGTGA-1	0.48675638	6.500052
CGCACTTGTCACGA-1	9.016822	11.865184
CGCAGGACAGATCC-1	1.281179	9.281656
CGCAGGACCTACTT-1	4.1211605	6.869251
CGCAGGACTTGTCT-1	9.557097	9.749043
CGCAGGTGCACTGA-1	2.1021726	5.5579963
CGCAGGTGCCATAG-1	8.810861	9.69555
CGCAGGTGGGAACG-1	0.77653277	6.743358
CGCATAGATCACGA-1	5.6185613	12.235125
CGCCATACTGCAAC-1	0.62481725	5.178501
CGCCATTGAGAGGC-1	2.7970438	5.076908
CGCCATTGCTATGG-1	1.370892	4.9521465
CGCCATTGGAGACG-1	1.5283895	6.545249
CGCCATTGGAGCAG-1	5.9640646	-1.9341546
CGCCATTGTACTGG-1	6.9555883	-3.083842
CGCCGAGAGCTTAG-1	1.7987051	12.339053
CGCCTAACGAATGA-1	10.264049	13.060526
CGCCTAACTGCTCC-1	-0.21214747	7.260503
CGCGAGACACAGCT-1	1.3581791	6.900798
CGCGAGACAGGTCT-1	6.3398004	-1.1433371
CGCGAGACGCTACA-1	1.1666937	7.5472307
CGCGATCTCAGTCA-1	8.273387	12.353631
CGCGATCTGTTGAC-1	7.0613728	11.83734
CGCGATCTTTCTTG-1	5.38167	-2.0457315
CGCGGATGGCCAAT-1	0.15040548	5.8698144
CGCTAAGAATGTCG-1	1.6269398	6.102745
CGCTAAGACAACTG-1	2.5917976	5.226065
CGCTAAGACCCTTG-1	2.7266045	4.3687515
CGCTACTGAACAGA-1	8.697868	12.205727
CGCTACTGAGAACA-1	2.1802702	3.9737985
CGCTACTGTGAGCT-1	3.3995445	5.803895
CGCTACTGTTCCCG-1	2.1687076	7.954972
CGCTCATGCATTTC-1	6.6566095	11.477818
CGGAATTGGTTTGG-1	2.2055879	7.430338
CGGAATTGTGGAGG-1	2.614244	5.337864
CGGACCGATGCGTA-1	1.7599652	10.022138
CGGACCGATGGGAG-1	3.1093514	7.1574674
CGGACTCTAAACAG-1	6.2445	-3.2691894
CGGACTCTCCAATG-1	0.43503398	7.0817285
CGGACTCTCCTCGT-1	1.9619269	11.216125
CGGAGGCTATTCCT-1	4.054585	7.09714
CGGAGGCTTGGATC-1	3.966147	4.897635
CGGATAACAACGAA-1	7.6024656	11.738619
CGGATAACAGCTCA-1	-0.4236727	6.6665745
CGGATAACTCAGTG-1	6.66546	11.743874
CGGCACGAACTCAG-1	1.0138147	8.58086
CGGCACGAAGGGTG-1	1.9911529	5.184808
CGGCACGACTACGA-1	8.295646	10.17878
CGGCATCTTAGAAG-1	0.87692666	6.262882
CGGCATCTTCGTAG-1	7.9970756	13.634604
CGGCCAGAAAGGTA-1	2.40846	7.7422104
CGGCCAGAGAGGCA-1	1.3720334	10.44223
CGGCGAACCAGTCA-1	9.853205	11.145074
CGGCGAACGACAAA-1	1.3663673	11.720804
CGGCGAACGGTCTA-1	1.0155184	6.7758484
CGGCGAACTACTTC-1	2.0873928	11.856148
CGGGACTGCGTGTA-1	1.3064678	5.2094054
CGGGACTGGAATAG-1	2.0122814	10.431016
CGGGCATGACCCAA-1	3.424915	8.876163
CGGGCATGTCTCTA-1	-0.05750148	10.438498
CGGGCATGTTGTGG-1	3.1899455	4.535713
CGGTAAACTCGCAA-1	0.46070734	6.5337768
CGGTCACTGTTTGG-1	0.92216945	4.4180565
CGGTCACTTACTTC-1	0.01376516	4.9124355
CGTAACGATCGCCT-1	0.85353833	5.741141
CGTACCACACACAC-1	2.560542	4.5203114
CGTACCACACGTTG-1	2.0885587	4.700195
CGTACCACCTCATT-1	2.3344314	5.36203
CGTACCACGGAGCA-1	1.604398	5.195701
CGTACCTGGCATCA-1	0.4851292	11.402786
CGTAGCCTCTCTCG-1	7.9266505	12.019942
CGTAGCCTGCGAAG-1	0.42919546	4.4470415
CGTAGCCTGTATGC-1	8.65904	10.832806
CGTCAAGAAAGGTA-1	6.3546085	12.144934
CGTCAAGAACGTGT-1	0.31720567	4.7676816
CGTCAAGACAGAGG-1	0.33625922	6.66128
CGTCAAGACAGGAG-1	1.6571823	9.730571
CGTCCATGCTCTTA-1	1.5737859	5.251971
CGTCGACTTTCCGC-1	0.58066916	8.333636
CGTGATGACGCTAA-1	3.222101	6.014032
CGTGATGAGGTTCA-1	1.6653403	7.343193
CGTGCACTTATGGC-1	9.350505	12.64211
CGTGTAGAAAAACG-1	0.45094654	5.433142
CGTGTAGACGATAC-1	0.44275025	9.964637
CGTGTAGAGTTACG-1	1.6512237	12.475955
CGTGTAGAGTTCAG-1	6.3221116	12.981067
CGTGTAGATTCGGA-1	0.7238195	11.864104
CGTTAGGAAACCAC-1	1.6984521	4.921062
CGTTAGGATCATTC-1	9.095067	11.806131
CGTTATACCCTGAA-1	2.4082553	10.7304945
CGTTTAACTGGTCA-1	0.44719708	6.306221
CTAAACCTCTGACA-1	0.73626465	12.006557
CTAAACCTGTGCAT-1	6.315811	-1.785282
CTAACACTAACGTC-1	1.2496905	6.141928
CTAACACTAGTGCT-1	7.8222966	10.818128
CTAACGGAACCGAT-1	0.48503104	11.760938
CTAACGGATTTCTG-1	2.310646	5.64383
CTAACTACGGCAAG-1	2.5784264	6.5564485
CTAAGGACACCATG-1	4.093238	6.165063
CTAAGGACCGTTAG-1	0.2986251	5.1103263
CTAAGGACGCCATA-1	8.476258	12.958897
CTAAGGTGCCTAAG-1	6.2891216	-2.9701285
CTAAGGTGTTGCAG-1	1.8740824	7.1739573
CTAAGGTGTTTCTG-1	3.1935265	6.744244
CTAATAGAGCTATG-1	4.9186993	7.243459
CTAATGCTTGTGGT-1	7.7305903	11.415543
CTACAACTCCCGTT-1	2.8797007	9.98312
CTACCTCTCAACCA-1	1.6119109	7.930222
CTACGCACACCTAG-1	8.663279	10.190597
CTACGCACTCTCCG-1	1.7324786	6.8100915
CTACGCACTGGTCA-1	1.6177397	11.346958
CTACGGCTTTCTTG-1	9.707833	11.601984
CTACTATGAACCAC-1	8.5494585	12.138307
CTACTATGATGTGC-1	7.3160267	12.807773
CTACTATGCTAAGC-1	1.7661414	7.7297816
CTACTATGTAAAGG-1	6.200298	-2.987954
CTACTCCTATGTCG-1	0.8440368	12.240626
CTACTCCTGCCATA-1	5.578055	11.418358
CTAGAGACACTTTC-1	1.4152045	4.192429
CTAGAGACAGCATC-1	2.6915824	9.585488
CTAGAGACTTTGGG-1	10.283854	11.120725
CTAGATCTCTCTAT-1	1.9405761	5.975786
CTAGATCTTCGACA-1	0.97656345	4.7625203
CTAGGATGAGCCTA-1	6.0080247	-0.8162413
CTAGGATGATCGTG-1	5.4253116	-2.5763936
CTAGGCCTCTCAGA-1	1.624553	6.3797536
CTAGGTGATGGTTG-1	9.896463	9.900069
CTAGTTACCAGAGG-1	2.7140696	4.9313836
CTAGTTACCGCATA-1	-0.31394103	5.823729
CTAGTTACGAAACA-1	1.8077027	11.81515
CTATAAGATCGTTT-1	5.883625	-1.7041509
CTATACTGAGGTTC-1	5.7110844	11.240232
CTATACTGCCAGTA-1	3.2593946	4.3125463
CTATACTGCGCTAA-1	7.155056	12.619654
CTATACTGCTACGA-1	1.3833259	11.850846
CTATACTGTCTCAT-1	0.6465062	11.575367
CTATACTGTTCGTT-1	0.99330354	3.6964214
CTATAGCTGTCACA-1	3.685667	7.2993226
CTATAGCTTCGCTC-1	8.344593	12.713605
CTATAGCTTGCCTC-1	8.001617	12.484545
CTATCAACGAACTC-1	1.5943294	4.6441603
CTATCAACGCAGAG-1	0.14229546	6.248611
CTATCAACTTTGGG-1	2.502499	4.553508
CTATCCCTCCACCT-1	6.910042	13.337439
CTATGTACGAGAGC-1	0.30032623	5.621052
CTATGTACGCTTAG-1	4.005474	5.7632737
CTATGTACTGTTTC-1	0.79668444	4.011701
CTATGTTGAAAGCA-1	1.4705197	4.4657984
CTATGTTGTCCTCG-1	4.0264425	6.7192717
CTATGTTGTCTCGC-1	-0.15859301	5.5400085
CTATTGACAAACGA-1	6.316563	11.5347805
CTATTGACACTGGT-1	8.935332	11.251017
CTATTGACGGTGAG-1	9.48018	10.298108
CTATTGTGGCAAGG-1	2.1721873	7.6865497
CTCAATTGGTTCAG-1	0.818943	6.424972
CTCAATTGGTTGCA-1	7.5269914	12.35686
CTCAGAGATAGAAG-1	1.692556	5.997097
CTCAGCACTCTAGG-1	1.1426578	5.4321275
CTCAGCACTGAACC-1	6.342241	11.075849
CTCAGCACTTGCAG-1	2.311661	5.190425
CTCAGCTGAACCTG-1	6.139142	12.609409
CTCAGCTGCAGTTG-1	2.7064896	7.002613
CTCAGGCTCGTTGA-1	10.183931	9.457841
CTCAGGCTGCTAAC-1	2.7619362	6.8468695
CTCATTGACCTTAT-1	-0.32762212	6.214687
CTCATTGATGCTTT-1	8.191971	10.44303
CTCCACGAGAGATA-1	11.282925	13.654961
CTCCATCTCTTAGG-1	2.652884	6.8870215
CTCCATCTGACGAG-1	1.7761251	4.2014847
CTCCGAACAAGTGA-1	8.596583	9.706521
CTCCTACTGCCTTC-1	7.4044604	12.537693
CTCGAAGATGTGGT-1	3.5641754	5.1077523
CTCGAAGATTAGGC-1	8.063507	12.914867
CTCGACTGCTCTAT-1	3.7935345	7.3619127
CTCGACTGGGTGAG-1	3.4492388	6.3432455
CTCGACTGGTTGAC-1	0.73604846	12.069727
CTCGAGCTCTGGAT-1	2.592475	9.724902
CTCGCATGACTTTC-1	2.3361306	7.909858
CTCGCATGCTTAGG-1	2.3346283	6.250029
CTCTAAACCTCGAA-1	2.944685	5.754833
CTCTAAACGGCGAA-1	3.789856	6.917326
CTCTAATGTCCAAG-1	7.4818892	12.631275
CTGAACGACAGTCA-1	1.3380259	4.587777
CTGAACGATGAGGG-1	0.9227561	5.6254187
CTGAAGACCCAACA-1	0.51206696	7.4159026
CTGAAGACGTGCAT-1	7.2723184	-1.6227726
CTGAAGTGAAGCCT-1	10.348964	10.650536
CTGAAGTGCAGCTA-1	7.299018	-2.7256734
CTGAAGTGGCTATG-1	4.227658	5.270429
CTGAAGTGTCCAGA-1	1.900879	6.7647324
CTGAATCTGAATAG-1	3.0319898	7.114604
CTGACAGAATCGTG-1	2.2407825	10.167904
CTGACCACAGCAAA-1	0.82982767	4.0312915
CTGAGAACCGGGAA-1	-0.45469832	6.1009364
CTGAGAACGTAAAG-1	1.6644415	10.646747
CTGATACTAGTAGA-1	2.949853	7.534671
CTGATTTGGTGTTG-1	9.171393	11.8712
CTGCAGCTAACCGT-1	3.3705256	4.502883
CTGCAGCTGACACT-1	2.875161	6.7168407
CTGCAGCTGGATTC-1	10.103088	11.09847
CTGCAGCTTGGCAT-1	0.07465724	7.830631
CTGCCAACAGGAGC-1	1.9206328	8.295887
CTGCCAACCAGCTA-1	2.6055622	4.947491
CTGCCAACTAACCG-1	8.331878	11.090343
CTGCCAACTGCTCC-1	2.492525	9.171586
CTGCCAACTTGCAG-1	3.2815146	5.203485
CTGCCAACTTGCTT-1	1.2516367	8.440917
CTGCGACTCCACCT-1	3.1663475	8.361155
CTGGAAACAAACGA-1	1.7353946	10.412682
CTGGAAACATCGAC-1	1.5473262	4.083317
CTGGATGACTGGAT-1	1.4346399	9.882224
CTGGATGACTTGTT-1	2.4868493	6.239033
CTGGATGATGTGAC-1	5.539361	-2.9414299
CTGGCACTCAAGCT-1	7.5187807	13.353357
CTGTAACTAACCAC-1	1.8488952	4.012713
CTGTAACTAGCGTT-1	3.3859572	5.545464
CTGTATACGTAAAG-1	3.987914	6.8248973
CTGTATACGTACGT-1	8.599781	12.731186
CTGTATACGTTGGT-1	1.3907945	6.124437
CTGTGAGACAACCA-1	9.099918	9.595004
CTGTGAGACCTTGC-1	1.0966463	9.679648
CTGTGAGACGAACT-1	7.237938	12.123365
CTGTGAGACTGTAG-1	7.8653417	13.475628
CTTAAAGAACCTGA-1	3.2028506	4.221811
CTTAACACCTGTAG-1	2.4176252	5.6335354
CTTAACACTATCGG-1	6.6452317	-2.1134114
CTTAAGCTACCTAG-1	0.6144195	5.292312
CTTAAGCTAGTACC-1	2.4189878	6.268121
CTTAAGCTCATCAG-1	1.3616805	4.6349306
CTTAAGCTCCGCTT-1	5.9835763	-1.583591
CTTACAACTAACGC-1	1.0992161	6.409365
CTTACAACTCCCGT-1	6.4918857	11.819412
CTTACTGACGTACA-1	3.8434339	5.4045386
CTTAGACTAAACGA-1	0.29115158	5.9102373
CTTAGGGACTTGCC-1	-0.5984517	5.4407005
CTTAGGGAGAATCC-1	3.5079074	6.1499205
CTTATCGACTCATT-1	1.1508425	5.6139927
CTTCACCTACCTGA-1	8.9052105	10.01825
CTTCATGAAGCATC-1	6.391853	-3.038076
CTTCATGAAGTACC-1	4.140831	6.720582
CTTCATGACCGAAT-1	2.6805806	8.494301
CTTGAACTACGCAT-1	3.5141118	5.2185125
CTTGATTGAGGTTC-1	1.8089077	10.664397
CTTGATTGATCTTC-1	7.39971	13.784685
CTTGATTGCATTCT-1	0.96610147	5.6610527
CTTGATTGTTTCGT-1	1.2694557	6.255105
CTTGTATGACACCA-1	6.851666	-1.7463844
CTTGTATGCGCAAT-1	5.989387	-2.5295641
CTTTACGAGCGAAG-1	3.3880026	7.207809
CTTTAGACCGTGAT-1	4.2567873	5.7212915
CTTTAGACGAGACG-1	2.3062553	7.065481
CTTTAGACGATACC-1	2.3488257	5.532326
CTTTAGACGTTGGT-1	0.77252835	7.749864
CTTTAGACTCATTC-1	1.9345155	9.059814
CTTTAGTGACGGGA-1	1.0623714	11.440769
CTTTAGTGGGTGGA-1	3.795558	5.7895155
CTTTCAGAGAAACA-1	-0.65885484	5.634447
CTTTGATGAGCACT-1	3.1778505	4.646175
CTTTGATGTCTAGG-1	0.055182844	8.075737
CTTTGATGTGTCCC-1	0.8977834	5.9505305
CTTTGATGTGTGGT-1	4.0074186	5.149993
GAAACAGAACTACG-1	1.3692069	6.7834473
GAAACAGAATCACG-1	2.5636897	5.0071163
GAAACAGACATTCT-1	1.0326748	6.649515
GAAACCTGATCGTG-1	2.5671737	5.7015834
GAAACCTGATGCCA-1	0.11444433	6.5595484
GAAACCTGCTTATC-1	1.2088932	4.836566
GAAACCTGGACTAC-1	9.651713	9.44338
GAAACCTGTGCTAG-1	1.585935	5.2603555
GAAAGATGATTTCC-1	1.7748677	4.2510176
GAAAGATGCTGATG-1	9.531704	9.719779
GAAAGATGCTTCGC-1	6.9989347	11.821225
GAAAGATGTAAGGA-1	4.4183817	6.5218368
GAAAGCCTACGTTG-1	6.3531094	-2.9902332
GAAAGTGAAAGTGA-1	11.349665	13.474733
GAAAGTGACCACAA-1	8.673945	12.886508
GAAAGTGACTCAAG-1	0.35596833	6.87872
GAAATACTACCAAC-1	5.673886	11.3512335
GAAATACTCTTAGG-1	7.5700316	-2.0933237
GAAATACTTCCTCG-1	-0.25705042	6.3890715
GAACACACGTGCAT-1	9.165989	12.026538
GAACACACTGCCTC-1	3.5370524	5.5021152
GAACAGCTAACTGC-1	9.671113	11.305727
GAACAGCTCTCAGA-1	9.038424	10.018005
GAACCAACCACAAC-1	3.7150629	8.258106
GAACCAACTTCCGC-1	1.2066858	12.024821
GAACCTGAACGTGT-1	-0.47611308	7.2659774
GAACCTGAGAGACG-1	2.31226	6.573297
GAACCTGATGAACC-1	1.6282016	7.6134877
GAACGGGATACTTC-1	2.909677	4.774855
GAACTGTGACCTGA-1	9.71117	9.774988
GAACTGTGCCAGTA-1	7.796922	12.862142
GAAGAATGCAATCG-1	3.3077075	5.0354304
GAAGCGGACCTATT-1	8.997605	11.541374
GAAGCTACGAATGA-1	8.892435	11.680319
GAAGCTACGGTTTG-1	-0.35748476	5.1213307
GAAGGGTGAAAGTG-1	0.9162402	5.556453
GAAGGGTGCTTAGG-1	8.374984	12.328981
GAAGGTCTGAAAGT-1	0.29474688	5.7039275
GAAGGTCTGTTGCA-1	3.0460966	4.815671
GAAGGTCTTAAAGG-1	11.414082	13.515901
GAAGTAGACTCCCA-1	0.923311	9.087133
GAAGTAGATCCAAG-1	9.784852	9.754076
GAAGTCACCCTCGT-1	6.870432	12.767592
GAAGTCACCCTGTC-1	6.3131685	-2.2460678
GAAGTCTGTCGCAA-1	7.6275635	-2.2426293
GAAGTCTGTTCTGT-1	3.369489	6.328254
GAAGTGCTAAACGA-1	0.72359055	11.70122
GAAGTGCTCCGCTT-1	8.854817	11.273969
GAAGTGCTTAACCG-1	1.6096649	4.5048256
GAATGCACCCTAAG-1	-0.24581817	6.6986823
GAATGCACCTTCGC-1	0.9725567	12.141684
GAATGCTGCGGTAT-1	4.18595	4.9281783
GAATTAACGATAAG-1	2.680409	6.2508693
GAATTAACGGTCAT-1	1.8484672	5.283113
GAATTAACGTCGTA-1	1.4777906	11.121581
GAATTAACTGAAGA-1	5.2760487	-1.7128739
GACAACACAGGCGA-1	3.8174386	5.4287524
GACAACACATCGTG-1	2.1178708	5.7013
GACAACACTCGCCT-1	3.2280722	6.6441636
GACAACTGAGGTTC-1	1.3528271	6.817461
GACAGGGAAGAGTA-1	6.7181005	-2.5108263
GACAGGGAATGCCA-1	0.127374	4.8110027
GACAGTACGAGCTT-1	10.328543	10.004496
GACAGTACTTCGGA-1	10.170415	10.000205
GACAGTTGAGTAGA-1	7.5316396	-1.7936987
GACATTCTCCACCT-1	11.251692	13.540508
GACCAAACGACTAC-1	8.264077	11.604323
GACCAAACGTATCG-1	8.548197	12.624594
GACCCTACTAAAGG-1	6.5036173	-2.5099056
GACCTAGACCTCAC-1	3.27933	7.055128
GACCTAGACGAGAG-1	1.6588875	7.4206653
GACCTCACAAGGTA-1	4.4869013	6.0009823
GACCTCACGTACGT-1	9.2422285	11.816
GACCTCTGCATCAG-1	1.1747468	4.1528964
GACGAACTCCCACT-1	2.4504097	5.3504734
GACGATTGCCAATG-1	6.5847754	-3.517349
GACGCCGACCTTCG-1	-0.6377898	5.6727915
GACGCTCTCTCTCG-1	6.9906273	16.875591
GACGGCACACGGGA-1	0.90344757	11.96473
GACGGCACGAGATA-1	9.18358	12.5534525
GACGTAACCTATGG-1	1.9682889	6.069629
GACGTAACCTGTGA-1	-0.2768073	6.6785355
GACGTAACTATGGC-1	0.27186814	5.0589294
GACGTATGTTGACG-1	1.4814409	5.501419
GACGTATGTTTGCT-1	2.7170289	4.1619306
GACGTCCTACGGAG-1	0.7770622	6.2752185
GACGTCCTCTCAAG-1	8.330999	11.634715
GACGTCCTGATAAG-1	5.43951	-1.6389623
GACTACGATGGTCA-1	6.6246753	-2.3895595
GACTCCTGCTCGCT-1	3.0013509	6.4861035
GACTCCTGGGTTAC-1	2.0296454	4.420124
GACTCCTGTTATCC-1	0.47889766	6.960272
GACTCCTGTTGGTG-1	8.132299	13.04034
GACTGAACCAATCG-1	6.7448797	13.294548
GACTGATGTGATGC-1	2.6895459	4.1179876
GACTTTACATGCCA-1	3.6233547	5.236636
GACTTTACGACAGG-1	5.1355224	-2.1417542
GAGAAATGTTCTCA-1	5.5703306	-2.1293466
GAGATAGAAAAAGC-1	8.437465	12.476406
GAGATCACGACAAA-1	9.827324	10.3229265
GAGATGCTCTGGAT-1	0.048218895	8.018067
GAGATGCTGAATGA-1	1.4164397	5.821811
GAGCAGGATTCCCG-1	0.65842295	8.721875
GAGCATACTTTGCT-1	9.308819	9.865576
GAGCGCACGCGTAT-1	6.7774653	12.571127
GAGCGCACGGTGAG-1	2.3040912	8.150541
GAGCGCTGAAGATG-1	0.51526886	11.890807
GAGCGCTGTCTTAC-1	6.782621	12.222889
GAGCGGCTGGGAGT-1	6.8126974	-2.5122235
GAGGACGACTCAGA-1	3.0485313	8.404477
GAGGATCTGAAAGT-1	5.554918	-2.952346
GAGGCAGACTTGCC-1	2.1074774	10.716416
GAGGGAACACCAGT-1	1.4749556	7.2545214
GAGGGAACGAGGGT-1	1.4328939	5.715464
GAGGGATGGGAAAT-1	1.8635852	5.6857085
GAGGGCCTTCACCC-1	0.33427307	6.722012
GAGGGTGAAGAGTA-1	3.6109324	4.4425416
GAGGTACTACGGTT-1	2.8996563	7.2890205
GAGGTACTACTCAG-1	6.67894	13.056627
GAGGTACTGACACT-1	1.2069418	11.0674515
GAGGTACTGGGAGT-1	2.1888301	7.156892
GAGGTACTTAGCGT-1	7.98837	12.872313
GAGGTGGAGTACGT-1	4.08147	5.8861227
GAGGTGGATCCTCG-1	1.1030623	11.709427
GAGGTTACTCGTTT-1	8.526961	12.059264
GAGGTTTGTAAGCC-1	6.1515255	11.651257
GAGTCAACCATTCT-1	3.1348667	7.1127396
GAGTCAACGGGAGT-1	3.2603626	4.0171485
GAGTCTGATCGTGA-1	1.3827507	7.1017213
GAGTCTGATTTGGG-1	6.8253894	-2.6545014
GAGTGACTCAGCTA-1	1.9170889	6.3549943
GAGTGACTCGGTAT-1	1.6351752	9.253914
GAGTGACTCTTGCC-1	6.9150496	-2.1764483
GAGTGACTGACTAC-1	5.471608	-2.130081
GAGTGACTGTCTAG-1	1.136563	3.9931962
GAGTGGGAGTCTTT-1	6.756715	-1.9411279
GAGTGGGATGCCCT-1	3.4302337	4.5882387
GAGTGGGATGCTGA-1	6.618236	-2.2480538
GAGTGTTGCTGTAG-1	0.16439165	6.3582673
GAGTGTTGTGGTCA-1	2.620828	4.7866993
GAGTTGTGCATGGT-1	5.745906	11.537618
GAGTTGTGCTGAGT-1	1.968835	9.050126
GAGTTGTGGCGAGA-1	5.9375267	11.423836
GAGTTGTGGTAGCT-1	6.83231	17.039806
GAGTTGTGTATGCG-1	9.882851	9.119182
GATAAGGAGAAACA-1	5.7265253	11.704889
GATAAGGATTCACT-1	7.6884704	11.514182
GATACTCTATCGGT-1	4.109639	5.7359667
GATACTCTTACTTC-1	0.53122467	4.2787538
GATACTCTTGACTG-1	8.112831	12.945093
GATAGAGAAGGGTG-1	0.87865466	11.319471
GATAGAGACTGTGA-1	0.35827363	4.9090376
GATAGAGATCACGA-1	10.655018	13.224905
GATAGCACCCATAG-1	0.82042223	4.298547
GATAGCACGAAGGC-1	9.634876	11.205788
GATAGCACTTGTCT-1	1.9255164	5.1824117
GATATAACAAGGTA-1	-0.093649164	6.7074327
GATATAACACGCAT-1	2.7461622	6.5330377
GATATATGCTGGAT-1	2.2793152	4.3161197
GATATATGTCCGTC-1	2.3193471	10.327588
GATATATGTGGAGG-1	7.2508297	12.8872
GATATCCTAGAAGT-1	1.4176145	4.243544
GATATCCTCCCGTT-1	6.6082053	12.074899
GATATTGACAGGAG-1	0.85362893	7.674921
GATATTGACGAGTT-1	9.621182	9.156827
GATATTGAGCCAAT-1	2.9460769	5.005087
GATCCCTGACCTTT-1	1.4978429	12.347814
GATCCCTGTGTAGC-1	0.7337676	8.109915
GATCCGCTGGTCAT-1	9.024513	12.9610195
GATCGAACCGAGAG-1	-0.32777563	6.98633
GATCGATGACTAGC-1	7.6742806	-2.9803495
GATCGATGGTAAAG-1	5.9697094	-2.6984563
GATCGATGTAAGGA-1	8.575985	12.028048
GATCGTGACACTAG-1	0.6508913	6.2653728
GATCGTGATTCACT-1	1.375875	4.222388
GATCTACTGGTGAG-1	2.3003476	7.454206
GATCTACTTTGCAG-1	7.5641327	-2.226307
GATCTTACACCCAA-1	9.811401	9.2194605
GATCTTACCCTACC-1	1.6591271	6.7903795
GATCTTACGAATAG-1	7.100282	11.514672
GATCTTACGAGATA-1	6.9699993	12.30425
GATGCAACTCCAGA-1	2.1216931	5.165877
GATGCCCTACGTAC-1	0.24780117	6.111378
GATGCCCTCTCATT-1	1.4064757	6.4794345
GATGCCCTGGCAAG-1	7.5800395	12.199035
GATGCCCTTTTGCT-1	3.1710527	7.566033
GATTACCTTGTTCT-1	4.028945	5.00991
GATTCGGAACGACT-1	2.561143	6.818353
GATTCGGACAGGAG-1	8.914187	12.672722
GATTCGGAGAAGGC-1	9.26293	10.347707
GATTCTTGATTCGG-1	9.0099535	12.770557
GATTCTTGCCGATA-1	0.7996869	6.292287
GATTCTTGCGAGTT-1	6.991327	-1.5689057
GATTGGACCCGTTC-1	5.7430544	-2.4308233
GATTGGACGGTGTT-1	6.800206	-2.8072257
GATTGGACTTTCGT-1	6.5906386	-2.6271205
GATTGGTGTGTCAG-1	0.34814733	5.8430715
GATTTAGACACTCC-1	9.923512	9.070918
GATTTAGACTAAGC-1	7.1570854	-1.2118093
GATTTAGATTCGTT-1	5.622511	11.255135
GATTTGCTAACGAA-1	1.7719096	6.15236
GATTTGCTAACGGG-1	6.237575	12.001057
GCAACCCTCCTCGT-1	5.6147118	11.92879
GCAACTGATTGCGA-1	1.9956928	4.940093
GCAAGACTACTGGT-1	-0.71544766	6.7781134
GCAAGACTAGGTCT-1	0.09982287	5.7477927
GCAAGACTCCCTTG-1	1.5587333	6.2793956
GCAATCGACTGCAA-1	1.9532325	8.04594
GCAATCGAGACGTT-1	9.818515	11.387542
GCAATCGATCCTTA-1	8.926108	11.393363
GCAATTCTCGTGTA-1	2.1054113	6.7971582
GCAATTCTTCTCCG-1	0.5943192	6.24664
GCACAAACAATGCC-1	1.2927959	7.7451205
GCACAAACGGTACT-1	1.6367948	4.565811
GCACAATGGTGCAT-1	10.180682	13.123653
GCACACCTGTGCTA-1	1.9784446	12.010975
GCACCACTCATGAC-1	7.719985	13.522396
GCACCACTGTTTGG-1	5.7853456	11.243934
GCACCACTTCCTTA-1	1.0638659	12.18554
GCACCACTTTCGGA-1	8.11282	12.961038
GCACCTACGCGATT-1	-0.5372625	6.4936867
GCACCTTGGCTGTA-1	2.5523112	6.8998294
GCACCTTGGGGAGT-1	9.783495	11.466646
GCACGGACCAGCTA-1	0.4816864	7.2528696
GCACGGTGACCTCC-1	0.46052277	5.267944
GCACGGTGCTATGG-1	8.814498	12.986539
GCACTAGAACGGGA-1	0.17969275	4.87249
GCACTAGAAGATGA-1	6.9575267	-3.193282
GCACTAGACCTTTA-1	8.785061	10.222887
GCACTAGACGTAAC-1	5.6475153	-3.0843115
GCACTAGAGTCGTA-1	-0.2078595	10.412537
GCACTAGATGCAAC-1	-0.43645328	4.9995255
GCACTGCTGAGGCA-1	0.2750292	8.799975
GCAGATACAGCGTT-1	0.60695356	8.302132
GCAGATACGACGGA-1	2.159788	6.471501
GCAGATACGCAGAG-1	1.2953123	6.140799
GCAGCCGACAGTCA-1	1.8995868	5.7845006
GCAGCGTGCACTCC-1	0.2515215	5.556782
GCAGCTCTCAATCG-1	2.8020546	5.909155
GCAGCTCTGTTTCT-1	-0.3221007	6.9639297
GCAGGGCTAAGAAC-1	2.97915	6.5111356
GCAGGGCTAAGGGC-1	1.8006933	6.488716
GCAGGGCTATCGAC-1	1.4267758	12.05106
GCAGGGCTTGGGAG-1	0.36911657	8.095067
GCAGTCCTAACTGC-1	1.3285564	6.806868
GCAGTCCTCTCTTA-1	2.5414479	7.032173
GCATCAGATGCGTA-1	1.5219853	8.431502
GCATGTGACAAGCT-1	3.0145104	5.188754
GCATTGGAGAAGGC-1	-0.5642762	5.775198
GCCAAAACGAGGCA-1	0.72992885	8.518208
GCCAAATGATCGAC-1	0.89697254	7.898566
GCCAACCTACGGTT-1	1.7860426	4.536851
GCCAACCTCGCCTT-1	2.092697	4.4275723
GCCACGGAGGCGAA-1	7.2518773	11.64617
GCCACGGATACTGG-1	3.3043878	6.3284063
GCCACTACGTCTTT-1	0.5457488	6.1015115
GCCCAACTACCGAT-1	2.0772882	5.557696
GCCCAACTATGGTC-1	2.559534	10.357446
GCCCATACAGCGTT-1	1.6546898	7.6264606
GCCGACGAACTCTT-1	8.758042	11.998473
GCCGAGTGCGTTGA-1	-0.084296905	7.612845
GCCGGAACGAACTC-1	1.8017362	9.253811
GCCGGAACGTTCTT-1	1.3107308	11.793853
GCCGGAACTGCACA-1	1.896911	10.862893
GCCGGAACTTACTC-1	0.7840773	4.285027
GCCGTACTACCTGA-1	3.9402268	6.5652466
GCCGTACTGGCAAG-1	6.958776	12.776905
GCCTACACAGTTCG-1	0.7711682	12.487056
GCCTACACCACTGA-1	8.832271	10.372046
GCCTACACCTTGAG-1	2.5362678	5.659227
GCCTAGCTACGGAG-1	6.6376987	-3.142036
GCCTAGCTCTATTC-1	1.345306	4.813427
GCCTAGCTTCTCAT-1	1.6743351	4.9161916
GCCTAGCTTCTCTA-1	9.535415	9.506815
GCCTCAACCATGGT-1	1.0417074	6.1863446
GCCTCAACTCTTTG-1	-1.033574	7.02067
GCCTCATGTCTTAC-1	0.7863525	8.276281
GCCTGACTCTCAAG-1	6.8360214	12.538184
GCGAAGGAACTCTT-1	3.117243	6.8016725
GCGAAGGATGCCAA-1	2.208934	5.1186557
GCGAGAGAGGGACA-1	2.7467587	5.397803
GCGAGCACTGTCGA-1	5.013886	-1.9325837
GCGAGCACTTGACG-1	1.2673554	5.2448335
GCGAGCACTTGCTT-1	9.205208	12.6377325
GCGATATGGTACGT-1	0.6583824	4.7302256
GCGATATGGTGTTG-1	3.8116348	6.6070304
GCGCACGAAGTCGT-1	3.379577	4.519864
GCGCACGACTTTAC-1	6.2694974	12.5981
GCGCATCTAGGTCT-1	4.231119	4.687555
GCGCATCTGGTTAC-1	6.951942	16.310831
GCGCATCTTCGATG-1	2.176263	4.1573973
GCGCATCTTGCTCC-1	1.3199023	11.182632
GCGCATCTTTCTAC-1	1.3738028	6.207462
GCGCGAACGTTCTT-1	6.496249	-3.3927834
GCGCGATGAACGGG-1	1.3796424	3.9405007
GCGCGATGGTGCAT-1	0.0661025	11.212741
GCGGAGCTCCTGAA-1	2.1082914	5.3223205
GCGGCAACCCGATA-1	2.4692168	5.276258
GCGGCAACGGAGGT-1	5.941868	-3.3667645
GCGGCAACTGTCGA-1	5.4889817	11.472219
GCGTAAACACGGTT-1	11.537539	13.841139
GCGTAATGCACCAA-1	9.152772	9.673533
GCGTATGAACACCA-1	3.1809604	6.9184966
GCGTATGATGAGAA-1	9.553953	12.353034
GCTACAGAAAGGTA-1	2.4705322	5.466505
GCTACAGAATCTTC-1	6.189897	-3.3124921
GCTACCTGAGAAGT-1	8.560419	13.237713
GCTACCTGATCACG-1	-0.14220951	5.174287
GCTACGCTAGAATG-1	2.950601	4.082001
GCTACGCTAGCTAC-1	1.5742825	7.7055607
GCTACGCTCCCTAC-1	1.2007169	4.687373
GCTAGAACAGAGGC-1	5.218364	-2.0506685
GCTAGAACGGATCT-1	-0.34739137	5.8639355
GCTAGAACTCCCGT-1	3.9141316	7.730405
GCTAGATGAGCTCA-1	6.7676888	11.696567
GCTAGATGGCGATT-1	1.4562424	8.989806
GCTATACTAAGGCG-1	0.6840493	4.073405
GCTATACTAGCGTT-1	2.3064823	9.553339
GCTATACTCTCTTA-1	2.841511	5.223036
GCTATACTGGACGA-1	0.459496	5.0888724
GCTCAAGAACCATG-1	9.330806	9.717692
GCTCAAGAAGTCAC-1	9.235203	11.095391
GCTCAGCTGTCTAG-1	3.9558845	6.2100825
GCTCCATGAGAAGT-1	2.0269628	9.265111
GCTCCATGCCGAAT-1	2.7977383	6.7085853
GCTCGACTCTAGTG-1	6.54642	12.058228
GCTGATGAGGTATC-1	6.602637	13.105694
GCTTAACTACAGTC-1	6.370459	11.993811
GCTTAACTACTGGT-1	2.1477814	10.195453
GCTTAACTGCTGAT-1	1.6825402	6.5498037
GCTTAACTTAGACC-1	7.060186	11.727146
GCTTAACTTCAGTG-1	2.5649192	6.18891
GGAACACTCACTTT-1	6.152905	11.502316
GGAACACTTCAGAC-1	6.871302	16.766848
GGAACTACTACTTC-1	1.2982018	5.265262
GGAACTTGAAGGTA-1	8.678898	13.095392
GGAACTTGAGAATG-1	1.8699481	7.5356503
GGAACTTGCTCCAC-1	8.841607	12.443413
GGAACTTGGGTAGG-1	5.842771	-2.678634
GGAAGGACATCGGT-1	7.4893947	11.855429
GGAAGGACCACTAG-1	0.7188665	7.4575334
GGAAGGACGAGGGT-1	1.1805553	5.9632726
GGAAGGACGCGAAG-1	1.9331795	5.4831567
GGAAGGTGGCGAGA-1	1.4639614	12.097534
GGAATCTGAAGGGC-1	2.954473	6.7146544
GGAATCTGAGGAGC-1	1.9308554	4.6018085
GGAATCTGCTTAGG-1	5.6059227	-2.96797
GGAATCTGCTTGTT-1	7.9377995	13.384014
GGAATCTGGGAGGT-1	1.6661221	3.6760635
GGAATGCTTTCTAC-1	3.2686946	6.8175836
GGACAGGAAAGGGC-1	0.6647477	8.666998
GGACAGGAGTGCTA-1	6.9670324	-1.6817058
GGACAGGATCTCGC-1	-0.14228873	7.1835527
GGACCCGAAGCTAC-1	9.061384	11.760654
GGACCGTGCTTACT-1	7.299329	12.812411
GGACCGTGGGAACG-1	11.129966	13.380056
GGACCGTGTAACGC-1	0.11681494	5.819567
GGACCTCTGTAAGA-1	8.226744	12.97962
GGACCTCTTTTCTG-1	1.7998489	10.052545
GGACGAGAGTGTCA-1	5.9364696	12.404455
GGACGCTGACGCAT-1	0.560951	8.832877
GGACGCTGCTAGCA-1	2.7998362	5.7852216
GGACGCTGTCCTCG-1	1.0471132	11.820678
GGAGAGACGTGAGG-1	0.69371283	6.970549
GGAGCAGATTCAGG-1	5.1691604	-2.6971812
GGAGCCACCTTCTA-1	6.67034	-1.3673475
GGAGCGCTACGCAT-1	9.638776	11.331598
GGAGCGCTCCGAAT-1	-0.030479454	6.566234
GGAGGATGCCACCT-1	4.4771314	6.4627132
GGAGGATGGTTGAC-1	8.07258	11.97294
GGAGGATGTCAGTG-1	8.023237	12.051432
GGAGGCCTCGTTGA-1	0.8838275	11.431905
GGAGGCCTTTCTTG-1	1.5591824	5.7807155
GGAGGTGATACGCA-1	1.9593427	6.523426
GGAGGTGATCGCTC-1	2.5797338	4.8031845
GGATACTGCAGCTA-1	0.5124477	5.1311193
GGATACTGTCTAGG-1	1.6723017	5.516574
GGATAGCTCGTCTC-1	0.753641	4.9620714
GGATAGCTCTGAAC-1	2.243345	9.268131
GGATGTACCAAAGA-1	7.6332397	-2.7994812
GGATGTACGCGAAG-1	3.8938487	5.2891626
GGATGTACGTCTTT-1	5.621863	11.052778
GGATGTACGTGTCA-1	2.6653216	9.856049
GGATTTCTAGGTTC-1	2.4259543	7.362883
GGATTTCTTTGTCT-1	9.820159	11.476085
GGCAAGGAAAAAGC-1	0.65947783	12.15914
GGCAAGGAAGAAGT-1	0.5565687	5.438942
GGCAAGGACTTGGA-1	9.102465	12.337333
GGCAAGGAGGACTT-1	2.4769952	6.39619
GGCAATACGCTAAC-1	5.830908	-2.3251579
GGCAATACGGCATT-1	2.5746317	9.179489
GGCAATACGTTTCT-1	7.6370363	-1.7730308
GGCACGTGGCTTAG-1	9.25675	9.228285
GGCACTCTTTTGTC-1	0.9521974	5.3305497
GGCATATGCTTATC-1	0.8441031	11.704467
GGCATATGGGGAGT-1	7.0287347	16.721056
GGCATATGTGTGAC-1	-0.91370106	6.481023
GGCCACGACAGAGG-1	3.8578649	6.505591
GGCCAGACTGGTTG-1	0.06436428	6.5397296
GGCCCAGAAAGTAG-1	6.8117375	13.081181
GGCCGAACAACGAA-1	3.475901	4.1507525
GGCCGAACGCAGAG-1	2.9301162	6.85226
GGCCGAACGTAGGG-1	3.08346	6.383066
GGCCGAACTCTAGG-1	2.1343558	11.650695
GGCCGATGCAGGAG-1	1.6292883	5.3354683
GGCCGATGCCGAAT-1	0.18734694	4.7558994
GGCCGATGTACTCT-1	0.8843986	8.421537
GGCGACACTGCCCT-1	0.5400604	10.137297
GGCGACTGCGTAAC-1	1.4207051	7.3417907
GGCGCATGCCTAAG-1	8.83756	10.012368
GGCGCATGCTCCAC-1	2.0368485	5.906507
GGCGCATGTGGAAA-1	3.3943877	6.872825
GGCGGACTAGAGGC-1	0.48512477	5.7814984
GGCGGACTAGGAGC-1	0.6280174	8.244876
GGCGGACTCTGACA-1	3.6129038	6.439567
GGCGGACTCTTGGA-1	0.8004708	9.055734
GGCGGACTTACTGG-1	2.3335528	6.303338
GGCGGACTTGAACC-1	3.0441594	6.990828
GGCTAAACACCTGA-1	-0.26107728	10.602213
GGCTAAACTCTTAC-1	2.3448007	4.644279
GGCTAATGAGCACT-1	2.2373548	9.145034
GGCTAATGGTCTAG-1	3.6808667	4.553471
GGCTCACTACTCAG-1	8.242887	13.1039295
GGGAACGAAGCTCA-1	9.56234	9.313954
GGGAACGACACAAC-1	7.1224174	-3.3214207
GGGAACGAGTGTCA-1	7.173833	11.433842
GGGAAGTGTTGAGC-1	6.5454345	12.472951
GGGACCACACGTTG-1	2.4481838	10.16322
GGGACCACAGAACA-1	1.3065187	6.75712
GGGACCACGAATAG-1	1.0537186	4.9806337
GGGACCACGTCATG-1	3.4272993	5.6545105
GGGACCACTCAAGC-1	3.8244686	5.527739
GGGACCACTCGTGA-1	2.3242457	5.5433292
GGGACCACTGCATG-1	3.8935993	6.1643205
GGGACCTGACCCTC-1	8.122497	12.88726
GGGACCTGCTTGCC-1	2.1916482	5.9778314
GGGACCTGTGGAGG-1	6.619166	-1.4682205
GGGATGGACGACAT-1	5.696137	-3.172644
GGGATGGATACTTC-1	1.2205248	5.7884545
GGGATGGATGGTTG-1	8.26497	11.89398
GGGATTACGTCTAG-1	1.3963106	6.135668
GGGCAAGATGCATG-1	6.9438977	11.892093
GGGCACACGGTGAG-1	8.620332	9.533446
GGGCACACGTTGCA-1	0.6173942	4.0768642
GGGCAGCTTGGGAG-1	0.18876958	7.5822268
GGGCAGCTTTTCTG-1	2.2425513	4.697546
GGGCCAACCTTGGA-1	11.53426	13.979257
GGGCCAACGCGTTA-1	6.2608223	-2.040089
GGGCCAACTACGCA-1	6.554526	12.340824
GGGCCAACTCCAAG-1	7.0909367	-2.8604622
GGGCCATGATGGTC-1	0.5955109	7.873004
GGGCCATGTTGACG-1	-0.0430077	5.4400697
GGGTAACTCAGCTA-1	1.900102	3.9320848
GGGTAACTCTAGTG-1	7.0986013	-2.3631687
GGGTAACTCTGGAT-1	2.1564734	7.480769
GGGTTAACGTGCAT-1	1.3800832	11.717896
GGTAAAGAGCTAAC-1	2.1639464	11.311477
GGTACAACTGCAAC-1	1.0507871	4.5816584
GGTACATGAAAGCA-1	6.2061353	-1.8542598
GGTACATGAGCTCA-1	1.4420115	8.007283
GGTACATGCGGTAT-1	3.7129405	6.863772
GGTACATGGTTACG-1	1.86358	7.7907495
GGTACATGTGGGAG-1	1.0112995	5.825326
GGTACTGAACTCTT-1	6.673372	13.40277
GGTAGTACACCACA-1	2.144509	8.469386
GGTAGTACACTAGC-1	7.4969783	11.427238
GGTAGTACCCTGTC-1	3.9462092	5.3327146
GGTAGTACGCCATA-1	6.0952353	12.333361
GGTAGTACTGTCTT-1	0.66038114	7.1435194
GGTATCGAGACAAA-1	5.573119	10.993129
GGTATCGATGAACC-1	6.673967	-3.7348983
GGTCAAACCAAAGA-1	2.5740554	5.0284314
GGTCTAGAGAAACA-1	6.419492	12.909334
GGTCTAGATAGCGT-1	9.901773	12.022532
GGTGATACCGACTA-1	6.759661	-2.1679747
GGTGATACGACTAC-1	6.9153113	13.208615
GGTGATACTGTTTC-1	3.0329468	4.576686
GGTGGAGAAACGGG-1	-0.20565909	10.577478
GGTGGAGAAGTAGA-1	1.2896222	5.5904107
GGTGGAGACAGATC-1	0.3684845	9.776653
GGTGGAGATCGATG-1	-0.053431418	5.9245086
GGTGGAGATCTCTA-1	5.7956033	12.191056
GGTGGAGATTACTC-1	2.2376144	10.200514
GGTTTACTACGCAT-1	0.77599776	9.5605
GTAACGTGACCTCC-1	9.014837	11.930579
GTAACGTGATCGGT-1	6.9480424	-2.1019933
GTAACGTGCAGCTA-1	7.293292	-2.305164
GTAACGTGGTTGAC-1	5.824558	-1.9257603
GTAAGCACAACGGG-1	0.25099528	5.126809
GTAAGCACTCATTC-1	7.530668	-2.8856287
GTAAGCTGGTACCA-1	7.407036	12.108055
GTAATAACCTTCTA-1	7.239561	13.076997
GTAATAACGTTGTG-1	4.264005	6.319436
GTACCCTGACAGTC-1	9.747349	9.721799
GTACCCTGGAGCTT-1	1.6114792	5.344811
GTACCCTGTCCTTA-1	2.160409	10.987233
GTACCCTGTGAACC-1	2.6472952	5.7873087
GTACGTGAACGTTG-1	2.3953722	9.4334955
GTACTTTGTCGACA-1	0.7024286	8.638695
GTAGACTGAGATGA-1	8.131646	11.923258
GTAGACTGTATTCC-1	3.0627673	4.2361774
GTAGCAACAGTCGT-1	6.962974	12.745257
GTAGCAACCATTTC-1	7.164994	-1.7013906
GTAGCAACGGTAGG-1	6.443013	11.545259
GTAGCATGCACTCC-1	5.737394	-3.3803136
GTAGCATGTAAGCC-1	6.0793624	12.756768
GTAGCCCTGACGTT-1	3.4120114	4.8713517
GTAGCTGAAGCTAC-1	10.1113205	9.797407
GTAGCTGAATTCGG-1	-0.5636382	5.7510095
GTAGGTACACGGGA-1	7.883534	12.495258
GTAGTGACCTCATT-1	3.7552817	4.9615183
GTAGTGTGAGCGGA-1	1.0319157	11.37794
GTAGTGTGAGGCGA-1	6.597723	12.131394
GTAGTGTGTGGTTG-1	3.7642808	6.4849963
GTATCACTGGTAGG-1	7.8556776	12.621199
GTATCTACAGAAGT-1	1.7072127	10.874583
GTATCTACGACGAG-1	1.4094441	9.285287
GTATCTACGTTACG-1	0.28707075	5.732391
GTATTAGAAACAGA-1	-0.99904686	6.8070216
GTATTAGAGGTCTA-1	4.3028708	6.1779766
GTATTCACACAGCT-1	3.3434908	6.4511647
GTATTCACGGGTGA-1	2.1053667	9.216279
GTCAACGACACTGA-1	0.38827407	5.2926083
GTCAACGAGTGTAC-1	7.5127625	11.894082
GTCAATCTACACCA-1	0.84211874	8.786238
GTCAATCTGTAGCT-1	-0.26657042	7.8737607
GTCAATCTTGTGGT-1	3.6287105	5.3527384
GTCACCTGCCTCCA-1	1.7333716	4.0289087
GTCACCTGTCCCGT-1	1.1099917	5.089674
GTCATACTAATCGC-1	4.948794	-1.8588842
GTCATACTGCGATT-1	2.2942195	10.478071
GTCATACTTCGCCT-1	6.9228106	16.850216
GTCATACTTTACCT-1	2.003419	8.569904
GTCATACTTTGACG-1	1.0857981	4.7888374
GTCCAAGAAAAACG-1	3.77729	5.117392
GTCCACTGACCTCC-1	1.8997788	7.08669
GTCCACTGGGTACT-1	9.787023	9.08675
GTCCAGCTACGGGA-1	3.3140852	4.5164876
GTCCCATGTGGTGT-1	9.6403	11.350817
GTCGAATGAAGGCG-1	9.647638	11.661503
GTCGACCTGAATGA-1	0.75240743	12.1811695
GTCGACCTGTTCAG-1	3.208356	8.000536
GTCGCACTTGAGAA-1	7.1236544	-1.3337979
GTCTAACTGGTCTA-1	8.596452	10.985784
GTCTAGGAGCTTCC-1	8.7613125	12.629569
GTGAACACACTCTT-1	3.87855	5.8834677
GTGAACACTCAGGT-1	3.4640071	5.370799
GTGACCCTTAAGCC-1	2.1344128	7.696582
GTGATGACAAGTGA-1	-0.59355956	5.7846994
GTGATGACCTGAGT-1	6.098126	-3.4208179
GTGATGACGGTTTG-1	1.5147438	8.867255
GTGATTCTCATTTC-1	0.93210065	6.6762033
GTGATTCTCTCTCG-1	6.290201	12.984781
GTGATTCTGGTTCA-1	1.6716454	11.59837
GTGATTCTGTCGAT-1	4.0685754	5.5253987
GTGATTCTTAGCGT-1	5.629047	-2.0860102
GTGCCACTCAGGAG-1	3.6563442	5.2007823
GTGGATTGCACTAG-1	10.092876	9.998297
GTGGATTGCGGAGA-1	1.4662561	5.2731586
GTGGATTGTAACGC-1	2.5933208	5.962718
GTGTACGATCAGTG-1	2.0970154	6.6094785
GTGTAGTGGGTACT-1	0.5937634	6.4591517
GTGTATCTAGCCTA-1	6.5748315	-3.1011753
GTGTATCTAGTAGA-1	1.0726923	10.506459
GTGTATCTGTTACG-1	6.871841	-1.4383031
GTGTCAGAAGCGTT-1	0.6985157	10.104305
GTTAAAACCGAGAG-1	0.5469608	11.956721
GTTAAATGCTCGAA-1	3.150597	7.2441688
GTTAAATGTCGACA-1	7.0358634	-1.2892776
GTTAACCTAGCTAC-1	1.987055	7.7923527
GTTAACCTTGCTTT-1	11.099675	13.608302
GTTAGGTGCACTCC-1	3.684868	5.9106073
GTTAGGTGCCAGTA-1	8.98022	12.744097
GTTAGGTGCCCAAA-1	9.897396	10.090311
GTTAGGTGGAACTC-1	7.1319466	-2.742675
GTTAGTCTAAGAAC-1	1.0864056	8.337916
GTTATAGAGGACAG-1	2.6534388	7.41192
GTTATGCTTTCATC-1	1.2705863	3.6126122
GTTCAACTGGGACA-1	1.9495077	11.454707
GTTCAACTTATGCG-1	4.4313526	5.173964
GTTGACGAGCCCTT-1	1.2585701	10.9019
GTTGACGATATCGG-1	0.7236197	12.049049
GTTGAGTGGTCTTT-1	9.180902	12.976851
GTTGAGTGTGCTTT-1	0.20065115	6.9960704
GTTGATCTGGGACA-1	3.9670389	6.4706893
GTTGATCTTTTCAC-1	0.50920683	9.2553425
GTTGGATGTTTACC-1	9.577259	8.956959
GTTGTACTATTCCT-1	8.597556	13.278586
GTTGTACTTTTGGG-1	3.9764872	4.7128735
GTTTAAGACCATGA-1	9.149595	11.958003
GTTTAAGACTGTCC-1	2.0139701	9.171287
TAAACAACCAACCA-1	0.102934524	5.9436436
TAAACAACGAATCC-1	5.983377	-2.2231832
TAAAGACTCAGGAG-1	1.6243687	6.5653186
TAAATCGATGAGGG-1	1.2326251	6.002665
TAACAATGTGCCCT-1	7.5494556	-2.4881282
TAACACCTTCGCTC-1	8.214973	12.071106
TAACACCTTCGTAG-1	9.092975	12.320875
TAACACCTTGTTTC-1	6.808465	16.818283
TAACATGACACTAG-1	5.471174	-1.4700161
TAACCGGACTTACT-1	3.9230146	5.431926
TAACGTCTCAACCA-1	6.6950197	12.463402
TAACGTCTCATTGG-1	0.7875501	5.639317
TAACTAGAATTTCC-1	0.3561102	5.1472273
TAACTAGACTTAGG-1	0.22982226	4.5397763
TAACTAGATCTGGA-1	3.477216	5.1870646
TAACTCACGAGGAC-1	7.2290273	12.878826
TAACTCACGTACAC-1	6.9833016	-3.1227322
TAACTCACGTATCG-1	7.9827003	13.564187
TAACTCACTCTACT-1	1.2991103	12.384478
TAAGAACTGTGTCA-1	6.1804957	11.559406
TAAGAGGACTAAGC-1	6.039111	-2.3048363
TAAGAGGACTTGTT-1	1.0185665	11.391662
TAAGATACGGTTCA-1	7.641658	11.787681
TAAGATTGCGTAGT-1	1.3110127	6.1345096
TAAGATTGTTGCTT-1	1.033676	6.62757
TAAGCGTGAGGTTC-1	8.277791	12.861131
TAAGCGTGGACAAA-1	9.556501	11.279274
TAAGCGTGGGAAAT-1	2.386108	6.5816426
TAAGCGTGTGCTCC-1	9.723599	10.694432
TAAGGCTGCCATGA-1	0.63990605	7.2847137
TAAGGCTGCTGCTC-1	3.1756587	5.800735
TAAGGCTGTCTCGC-1	8.486712	13.233823
TAAGGGCTGCTGTA-1	-0.019584255	4.4450946
TAAGGGCTTTACTC-1	2.5668297	7.3322034
TAAGTAACCGAGAG-1	6.918573	-3.742464
TAAGTAACCTCCAC-1	7.0455484	-2.8317204
TAAGTAACCTGTAG-1	0.02928867	6.3954306
TAAGTAACTTGTCT-1	2.7133071	6.8513474
TAATGATGAGCGGA-1	1.1738222	6.9797235
TAATGCCTCATGAC-1	0.43931767	6.6342835
TAATGCCTCGTCTC-1	1.3264416	12.325462
TAATGTGAAGATGA-1	3.6597946	6.3145404
TAATGTGACTGCAA-1	8.531265	11.41618
TAATGTGATTACTC-1	2.136101	7.3854523
TACAAATGGGTACT-1	1.8451046	6.805798
TACAATGAAAACAG-1	7.318602	12.582385
TACAATGACTTAGG-1	1.7782977	6.596839
TACAATGATGCTAG-1	2.2143462	8.607101
TACACACTCACACA-1	1.3030547	4.783608
TACACACTCTTACT-1	1.4469533	5.760615
TACATAGAACGCAT-1	1.2251009	8.957373
TACATCACACGGGA-1	1.8488921	7.002346
TACATCACCTGTTT-1	9.725016	9.818458
TACATCACGCTAAC-1	6.4509053	-3.2483807
TACATCACTGAACC-1	9.57365	9.665395
TACCATTGAGGTTC-1	3.1695437	4.707008
TACCATTGCGGGAA-1	7.2472625	10.864204
TACCATTGGGGATG-1	6.6648464	11.362027
TACCATTGTGAGGG-1	6.8220434	11.446074
TACCGGCTGTTGGT-1	2.4226217	5.522271
TACGAGTGATCTCT-1	1.9052844	4.54201
TACGAGTGATGCTG-1	9.080116	11.201765
TACGAGTGCGGAGA-1	0.40613377	4.3331776
TACGAGTGGTTGGT-1	0.10421292	6.1056504
TACGATCTAGTGTC-1	2.0926747	6.851854
TACGATCTCACTGA-1	9.206745	10.873148
TACGATCTTACGAC-1	0.84506065	4.9248853
TACGCAGAGAATCC-1	-0.06405975	9.979215
TACGCCACATTCCT-1	2.420167	6.584784
TACGCCACTCCCAC-1	9.8521185	9.20595
TACGCCACTCCGAA-1	6.2515163	-1.2635984
TACGGAACGCGTTA-1	6.458022	-2.852489
TACGGCCTGGGACA-1	0.64125776	11.229589
TACGTACTACGGAG-1	0.21422485	5.1606975
TACGTACTCAGTTG-1	0.47240722	5.9889784
TACGTACTCCCGTT-1	6.922846	-3.197452
TACGTTACAGAAGT-1	0.7507169	6.408237
TACGTTACCAAGCT-1	6.526535	12.123429
TACTAAGAAAGGTA-1	6.4396787	-3.1404161
TACTAAGAATCACG-1	3.826102	7.114562
TACTAAGATGATGC-1	7.5827274	13.123643
TACTAAGATTGCGA-1	0.23227222	4.4069395
TACTACACGAGAGC-1	0.89262325	5.9273753
TACTACACTTACCT-1	4.921587	6.6629696
TACTACTGAACCTG-1	7.482823	11.672564
TACTACTGATGTCG-1	2.0891738	11.698458
TACTACTGATTCTC-1	3.1250854	4.73876
TACTACTGTATGGC-1	2.0986018	4.9128084
TACTCAACGGTCTA-1	7.6674776	13.571653
TACTCAACTGCTAG-1	6.977603	-2.3192294
TACTCCCTCAGTTG-1	3.7513251	6.523306
TACTCTGAATCGAC-1	0.63296497	11.207617
TACTCTGACGAGTT-1	0.1287125	6.859897
TACTCTGATTGACG-1	7.7501793	-2.213935
TACTGGGATCGATG-1	-0.25079557	5.2387085
TACTGTTGAAAGCA-1	3.780006	4.3943377
TACTGTTGAGGCGA-1	1.1128517	12.722015
TACTGTTGCTGAAC-1	5.8139744	-0.8771942
TACTTGACTCCTCG-1	1.7675165	8.952982
TACTTGACTGGTGT-1	6.395367	-3.4382505
TACTTTCTTTTGGG-1	1.6876535	8.243555
TAGAAACTAATCGC-1	1.9825974	5.7929378
TAGAAACTGCTTCC-1	7.815375	11.696216
TAGAAACTGGGATG-1	2.3172133	10.931378
TAGAATTGCGACAT-1	3.5637174	7.0836034
TAGAATTGTATCGG-1	1.6438634	5.1387353
TAGACGTGCTTGAG-1	3.5730424	7.684682
TAGACGTGTCGCTC-1	1.6937832	6.361244
TAGAGCACCTTACT-1	7.38111	-3.169267
TAGATTGACTTGTT-1	5.720685	-3.3495936
TAGATTGAGGCATT-1	3.0421393	8.878704
TAGCATCTCAGCTA-1	1.148812	11.680628
TAGCATCTCCCTCA-1	1.589274	7.546598
TAGCATCTGCTGTA-1	9.769708	9.912778
TAGCATCTGGGACA-1	4.542599	5.2648907
TAGCATCTTGTCGA-1	3.7787895	5.945712
TAGCCCACAAAAGC-1	1.1756798	6.3549504
TAGCCCACAGCCAT-1	0.39546123	8.555461
TAGCCCACAGCTAC-1	1.3362575	12.0924225
TAGCCCACCCACAA-1	3.9524722	6.5625696
TAGCCCTGCGGAGA-1	2.3703897	8.783459
TAGCCGCTTACGAC-1	0.8119823	4.943541
TAGCCGCTTACTTC-1	2.485128	9.687753
TAGCCGCTTTCCAT-1	8.570576	11.43807
TAGCTACTGAATAG-1	7.2156854	-1.80146
TAGCTACTGTAGCT-1	1.5041468	4.857927
TAGCTACTTTTGCT-1	1.7151026	8.341469
TAGGACTGTGCTGA-1	2.2445014	7.5370445
TAGGAGCTAAGGCG-1	6.334781	-2.424825
TAGGAGCTGAGGGT-1	1.9076576	7.125235
TAGGAGCTTGCATG-1	7.7339487	-2.0831423
TAGGCAACCGTCTC-1	6.465572	-1.9961047
TAGGCATGCTCTCG-1	11.787522	13.8740635
TAGGCATGGCGAGA-1	2.573789	9.166286
TAGGCTGATGCCTC-1	7.2150483	11.74495
TAGGGACTGAACTC-1	1.7741275	10.743804
TAGGTCGACACTGA-1	4.607194	5.383805
TAGGTCGAGGATCT-1	5.6507907	-3.2865968
TAGGTGACACACTG-1	0.66507834	5.7099457
TAGGTGACACGTTG-1	6.209729	-2.8670847
TAGGTGTGTTCTGT-1	2.2980418	7.0753675
TAGGTTCTGAAGGC-1	1.0855296	4.2906857
TAGGTTCTTCTTAC-1	10.128044	9.484384
TAGGTTCTTGCTGA-1	8.669413	13.226021
TAGTAAACCTCGCT-1	3.1665344	4.919517
TAGTAAACGTCACA-1	1.5610347	5.518526
TAGTAATGAGATCC-1	3.2487879	5.174781
TAGTACCTAAGAAC-1	6.222626	12.695297
TAGTATGATCTTAC-1	7.181572	-2.6660955
TAGTATGATTCTCA-1	0.48058882	6.739687
TAGTCTTGGCTGTA-1	4.787295	7.2597933
TAGTCTTGGGACTT-1	3.542131	7.6190057
TAGTCTTGTGGAAA-1	0.68179333	9.103092
TAGTGGTGAAGTGA-1	0.9390728	12.497427
TAGTTAGAACCACA-1	1.4608847	12.123876
TAGTTAGATGAACC-1	2.7858927	5.8026824
TATAAGACAACAGA-1	3.4333606	8.60893
TATAAGACAGCTCA-1	9.79008	9.445483
TATAAGTGACACCA-1	9.440228	9.099239
TATAAGTGTATCGG-1	6.684312	12.317315
TATAAGTGTGGTGT-1	9.682718	9.348397
TATACAGAACCCTC-1	1.7651674	8.886745
TATACAGAAGAACA-1	3.4447389	6.1092944
TATACAGATCCAGA-1	1.3894373	6.0901976
TATACCACCTGATG-1	6.773387	-2.7933197
TATACGCTACCAAC-1	1.7815111	5.0830274
TATAGATGGACGGA-1	0.7771681	4.488202
TATAGATGTTCCGC-1	9.6152115	9.22603
TATCCAACCAGCTA-1	6.742241	12.098335
TATCCAACTCTCTA-1	0.1651282	8.126553
TATCGACTACTAGC-1	-0.18461679	10.227922
TATCGACTCGATAC-1	9.11067	10.210597
TATCGTACAGATGA-1	2.029383	8.343888
TATCGTACATTCCT-1	6.609944	12.882491
TATCTCGAGAGATA-1	4.6695437	6.478645
TATCTGACAGGTTC-1	2.6439116	9.716689
TATCTGACTGTTTC-1	1.6635059	8.254188
TATCTTCTAAACAG-1	3.5623045	5.022589
TATGAATGGAGGAC-1	1.1162308	11.4127
TATGAATGTTTGCT-1	9.000065	9.186357
TATGCGGATAACCG-1	1.0865593	7.084192
TATGGGTGCATCAG-1	1.2748357	12.252222
TATGGGTGCTAGCA-1	5.3973575	-1.6404036
TATGGTCTCTACCC-1	2.1224453	4.129013
TATGTCACGGAACG-1	6.191688	-1.3854748
TATGTCACTAACCG-1	9.772569	12.09628
TATGTCACTTCTCA-1	6.568302	-2.207502
TATGTGCTCCGATA-1	7.7975063	13.529276
TATGTGCTGGATTC-1	3.1554053	4.395537
TATTGCTGAAGAAC-1	6.3045473	11.303173
TATTGCTGCCGTTC-1	4.7306194	-2.3828068
TATTGCTGTCTGGA-1	2.9981577	6.077111
TATTGCTGTGCACA-1	2.5860693	8.722869
TATTTCCTATTGGC-1	6.365303	12.172644
TATTTCCTGGAGGT-1	2.1552644	11.144169
TATTTCCTGGTGTT-1	3.1364145	4.871983
TCAACACTGTTTGG-1	0.4199563	11.816338
TCAAGGACAGCGTT-1	1.5652913	5.8194165
TCAAGGACATTCTC-1	1.7487992	10.1019535
TCAAGGACGGTGTT-1	7.734612	12.626771
TCAATCACACTCTT-1	0.75488806	8.213615
TCAATCACAGTCGT-1	8.825173	10.266689
TCACAACTATGTGC-1	3.0213962	6.5368047
TCACAACTTTGCTT-1	5.905942	11.991557
TCACATACACTTTC-1	1.9859812	6.7816424
TCACATACAGGGTG-1	4.160936	6.662049
TCACCCGAGACGGA-1	9.944641	11.537872
TCACCGTGCTCGCT-1	10.049845	9.485729
TCACCTCTACGACT-1	1.6995578	8.713998
TCACCTCTTCCAAG-1	9.825629	9.872327
TCACGAGAGGAGGT-1	5.767337	-2.8163488
TCACTATGGGGCAA-1	2.212698	8.9554615
TCACTATGGTTGTG-1	5.6308556	-2.3831668
TCAGACGACGCTAA-1	0.17265461	6.50902
TCAGACGACGTTAG-1	1.4589099	12.5636635
TCAGAGACTCCAGA-1	3.98217	6.4260654
TCAGCAGACTCCAC-1	1.8310546	6.391872
TCAGCGCTCTAGTG-1	1.0688965	8.326081
TCAGCGCTGGATCT-1	7.49138	-3.1063375
TCAGCGCTGGTATC-1	0.8618118	8.404498
TCAGGATGAAGTAG-1	3.689271	4.8280325
TCAGGATGCCTTTA-1	9.667789	10.566837
TCAGTGGAAGATCC-1	2.048721	9.224428
TCAGTTACCTACGA-1	8.636134	13.426759
TCAGTTACTAGAAG-1	1.28918	4.733663
TCATCAACCCGATA-1	3.2989137	5.7951202
TCATCAACTGTTCT-1	8.950284	10.912458
TCATCATGCAGTTG-1	0.054749116	5.1683245
TCATCCCTTACTGG-1	0.27683	6.8034253
TCATTCGATACAGC-1	9.898894	9.743404
TCCACGTGGAAACA-1	0.93512213	6.452762
TCCACTCTACACTG-1	2.4607859	6.1517878
TCCACTCTGAGCTT-1	8.217099	12.483282
TCCACTCTTACTTC-1	6.249922	-2.5109363
TCCATAACAAAGTG-1	1.9648407	4.843022
TCCATAACCGTAGT-1	6.6792445	-2.1402016
TCCATAACGATGAA-1	-0.49430028	5.755339
TCCATAACTACGCA-1	0.4408649	5.243303
TCCATCCTCCCTAC-1	1.5805714	10.683375
TCCCACGATCATTC-1	1.8858763	4.609687
TCCCATCTCAAAGA-1	8.257103	12.556361
TCCCGAACACAGTC-1	1.2689155	12.699053
TCCCGAACTTCGCC-1	9.390069	9.529315
TCCCGATGAGATCC-1	1.0306312	6.1642027
TCCCGATGCCTGAA-1	5.935864	12.161403
TCCCTACTCAACTG-1	6.887609	-1.8970639
TCCGAAGACAATCG-1	6.8824296	12.196362
TCCGAAGACGTTAG-1	2.622146	4.9563975
TCCGGACTGAGGTG-1	1.2983348	5.4773793
TCCGGACTGTACGT-1	1.4774888	8.294793
TCCTAAACATCGAC-1	3.4627283	7.1781745
TCCTAAACCGAGAG-1	1.6151004	6.261904
TCCTAAACCGCATA-1	1.6614149	10.837945
TCCTAATGGTTTGG-1	2.325707	10.576933
TCCTACCTGTCGTA-1	3.4365282	6.523343
TCCTATGAAAAGCA-1	2.5944867	10.308284
TCGAATCTCTGGTA-1	1.5545677	9.913798
TCGACCTGCCGATA-1	8.655961	10.329393
TCGACGCTTCTATC-1	7.5902185	12.726752
TCGACGCTTTGACG-1	0.33276084	5.464033
TCGAGAACGACAGG-1	0.9257193	6.987173
TCGAGAACGTTAGC-1	-0.84582657	6.2703733
TCGAGCCTATCAGC-1	6.423091	-2.8702147
TCGAGCCTGCGAGA-1	0.3588528	8.525428
TCGAGCCTTGTGAC-1	2.837536	5.9573917
TCGATACTATTCCT-1	0.72328013	7.263987
TCGATACTTGCACA-1	2.0635867	6.98832
TCGATTTGATGCCA-1	7.103342	12.393036
TCGATTTGCACTCC-1	2.4683268	3.9543717
TCGATTTGCAGCTA-1	1.5019653	12.07504
TCGATTTGCCTACC-1	7.4907174	11.987018
TCGATTTGTCGTGA-1	5.5962033	-2.9602134
TCGCAGCTAGATCC-1	1.1388062	8.856631
TCGCCATGAGACTC-1	3.6906922	4.755991
TCGCCATGTGGTCA-1	5.8526053	-1.830575
TCGGACCTAACAGA-1	1.9771389	5.5867844
TCGGACCTATAAGG-1	6.0890713	-1.8922727
TCGGACCTGTACAC-1	1.007402	6.0066323
TCGGTAGAGTAGGG-1	2.3710518	4.303886
TCGGTAGATCCCAC-1	5.785633	-2.967445
TCGTAGGATCGACA-1	-0.16367324	6.4711213
TCGTTATGGACAAA-1	2.8692014	6.7162714
TCTAACACCAGTTG-1	1.3162689	10.572944
TCTAACACGAGCAG-1	11.212074	13.444684
TCTAACTGAACCAC-1	1.1581302	7.626791
TCTAAGCTAATGCC-1	1.9191736	6.6146836
TCTAAGCTTAGTCG-1	1.9941411	10.526775
TCTAAGCTTCTAGG-1	9.994519	9.432249
TCTAAGCTTGTTCT-1	6.8337755	13.131247
TCTAAGCTTTCGCC-1	6.0618777	-3.1397038
TCTACAACGACTAC-1	9.051121	12.265156
TCTAGACTTAGAAG-1	7.4393387	11.806582
TCTAGTTGCACCAA-1	9.69528	10.787284
TCTATGTGAAGAGT-1	6.6038547	10.783028
TCTATGTGAGTCTG-1	1.4314497	9.026687
TCTCAAACCTAAGC-1	6.3143263	-2.9134378
TCTCTAGAATTTCC-1	1.0171294	6.4333024
TCTGATACACGTGT-1	1.295625	5.5584393
TCTGATACTCGCCT-1	3.1951294	5.852056
TCTTACGAACCTGA-1	7.4441724	13.034051
TCTTCAGAGCTACA-1	9.947378	11.763611
TCTTGATGCGGAGA-1	2.5715387	9.60594
TGAAATTGGTGAGG-1	7.9770055	13.398668
TGAACCGAAAACGA-1	3.8905	6.3255177
TGAACCGACTACTT-1	9.453102	8.807136
TGAACCGATTCGGA-1	8.363377	10.243272
TGAAGCACTCACGA-1	0.94550526	8.201927
TGAAGCTGAACGAA-1	2.865418	6.9309645
TGAAGCTGCATGGT-1	7.2683673	-1.4404285
TGAAGCTGCGTAAC-1	1.2458417	4.9684234
TGAATAACCACTTT-1	2.77297	4.2638454
TGAATAACTCCCAC-1	1.2206897	9.100312
TGACACGACCTTAT-1	6.6773286	-3.2137067
TGACCAGACAACCA-1	3.2865791	6.6717196
TGACCAGAGGATTC-1	3.3895793	5.9581823
TGACCGCTAAAAGC-1	-0.2325575	5.660592
TGACCGCTCTGCAA-1	4.1009455	6.4449587
TGACGATGCAAAGA-1	6.4673977	12.3723
TGACGCCTGTACCA-1	-1.2076049	6.6048756
TGACGCCTTTACTC-1	-0.07987744	6.0578246
TGACTGGAAGAGAT-1	6.2364464	12.220374
TGACTGGACCGTAA-1	2.0812526	6.125878
TGACTGGACGCAAT-1	3.5105133	6.3320756
TGACTGGAGGACAG-1	7.0503464	-1.5396715
TGACTGGATTCTCA-1	-0.009076154	7.41843
TGACTTACACACCA-1	1.6001089	6.8482842
TGACTTACAGTCTG-1	8.639039	13.123547
TGACTTTGCGCATA-1	2.7688878	3.9220848
TGACTTTGTTTGTC-1	0.7839896	7.0987267
TGAGACACAAGGTA-1	-0.8999014	6.497012
TGAGACACTCAAGC-1	2.4068673	8.679359
TGAGCTGAATGCTG-1	9.004337	9.190109
TGAGCTGACTGGAT-1	6.6744027	12.796134
TGAGCTGATGCTAG-1	5.5343623	11.031526
TGAGGACTCTCATT-1	8.339414	12.6443615
TGAGGACTTCATTC-1	0.86639154	5.5860534
TGAGGTACGAACCT-1	10.195392	10.013523
TGAGTCGAGTTACG-1	5.6398554	-2.773191
TGAGTGACTGAGCT-1	2.9134674	4.211522
TGATAAACGAATCC-1	0.8407836	4.8643293
TGATAAACTCCGTC-1	0.22658621	11.049436
TGATAAACTTTCAC-1	3.0667799	4.689831
TGATACCTCACTAG-1	6.4604425	12.324337
TGATACCTGTTGGT-1	2.0525799	6.326186
TGATACCTTATGCG-1	3.5806549	4.527703
TGATACCTTGAAGA-1	1.9800754	5.209373
TGATATGAACCTTT-1	2.8697455	5.2627993
TGATCACTAGCATC-1	0.7775797	8.668451
TGATCACTCTCGCT-1	2.9536588	4.4332075
TGATCACTTCTACT-1	7.185723	-2.5726402
TGATCGGACTGACA-1	9.446426	9.415867
TGATCGGAGGAGCA-1	6.3419633	-2.5804172
TGATCGGATATGCG-1	7.4641714	10.260306
TGATTAGACATTGG-1	-0.23871297	6.3502293
TGATTAGATGACTG-1	6.633452	-3.7573133
TGATTAGATGCTAG-1	3.045938	5.797211
TGATTCACTATGCG-1	4.0970874	7.023681
TGATTCACTGTCAG-1	6.1359105	-1.9233888
TGATTCTGCCGAAT-1	0.38238057	6.065776
TGATTCTGCTCTTA-1	0.22993419	6.3888726
TGCAAGTGAGAACA-1	-0.24769194	4.5081644
TGCAAGTGGGTAGG-1	7.2470922	11.558327
TGCAATCTTCAGGT-1	11.577806	13.803919
TGCACAGACGACAT-1	0.6304014	11.666434
TGCCAAGAGCAGTT-1	7.4058027	10.428626
TGCCAAGATCTCTA-1	1.1053311	7.0448866
TGCCACTGAACGTC-1	1.7883017	5.9702063
TGCCACTGCGATAC-1	1.7176595	11.485067
TGCCAGCTTGGCAT-1	3.260302	6.9757543
TGCCCAACAGCAAA-1	2.051102	6.632939
TGCCCAACCGCATA-1	8.711676	9.754572
TGCCGACTCTCCCA-1	6.447427	-2.9233043
TGCGAAACAGTCAC-1	7.3367	-2.0477104
TGCGAAACGTTGCA-1	7.3109317	-2.3033
TGCGATGAACGGTT-1	1.5248673	7.1725507
TGCGATGACCTCGT-1	2.9113045	6.2077303
TGCGATGACTAGTG-1	5.347491	-3.2464423
TGCGATGACTGCTC-1	7.5554404	-2.1589649
TGCGATGACTTGCC-1	5.8483543	-2.08972
TGCGATGAGTGCTA-1	8.681172	11.270852
TGCGCACTCTTGAG-1	6.351201	12.227702
TGCGTAGAATAAGG-1	7.3271337	12.494527
TGCGTAGACGGGAA-1	6.863983	-2.9418757
TGCGTAGATGGTCA-1	10.239015	9.730879
TGCTAGGAAACCGT-1	1.0936329	8.295933
TGCTAGGATAGTCG-1	2.8515213	5.489376
TGCTATACGGTTCA-1	8.195679	13.220898
TGCTATACTGCTGA-1	0.44247875	9.026262
TGCTGAGAGAGCAG-1	0.81699467	12.023848
TGCTGAGATTATCC-1	1.8722614	4.5090094
TGGAAAGACTCTCG-1	5.5870485	-1.8199688
TGGAAAGAGCGATT-1	-0.2134845	5.1250944
TGGAAAGAGGTCAT-1	9.081593	9.921695
TGGAAAGATATGGC-1	3.8850985	7.276255
TGGAACACAAACAG-1	0.9462074	10.692509
TGGAACACGCTAAC-1	1.0625249	7.943962
TGGAAGCTCAGATC-1	2.6184516	5.343829
TGGACCCTACACTG-1	6.529353	11.479269
TGGACCCTCATGGT-1	1.499633	8.734062
TGGACCCTGGTACT-1	9.333013	11.394061
TGGACTGAGTATGC-1	-0.7456378	5.440496
TGGAGACTATCAGC-1	7.634215	13.235246
TGGAGACTTCAAGC-1	2.2970638	4.0953784
TGGAGACTTGACCA-1	2.1584883	10.037366
TGGAGGGACGGAGA-1	8.489657	11.541814
TGGAGGGAGCTATG-1	4.426489	6.2077785
TGGATCGATAAAGG-1	1.591156	4.368149
TGGATGTGACCTAG-1	6.915124	-3.3173535
TGGATGTGTGAAGA-1	7.1127906	-2.812274
TGGATTCTCATACG-1	0.39664435	8.108906
TGGCAATGCTTGTT-1	6.5089498	-3.257178
TGGCACCTTCACGA-1	3.7275183	6.99746
TGGCACCTTCAGTG-1	8.543594	12.789715
TGGGTATGAAGAGT-1	0.6974842	6.5153365
TGGGTATGCACAAC-1	-0.74503	5.7350917
TGGGTATGGTACGT-1	6.502504	-3.441412
TGGGTATGTTTGGG-1	6.9551034	10.849834
TGGTAGACATGCCA-1	1.1865734	7.1459384
TGGTAGACCCTCAC-1	0.7902949	11.541936
TGGTAGACCTGATG-1	-0.09850486	5.2904277
TGGTAGTGCACTGA-1	6.9522967	10.574992
TGGTATCTAAACAG-1	2.062113	7.0365024
TGGTATCTCTTCCG-1	2.3878686	4.1374607
TGGTCAGACCCAAA-1	3.7030435	4.997313
TGGTTACTGACGTT-1	8.763401	12.245322
TGGTTACTGTTCTT-1	2.6799502	5.0502133
TGTAACCTAGAGGC-1	3.6557877	5.7920923
TGTAACCTTGCCTC-1	8.265422	11.962181
TGTAATGACACAAC-1	0.5451048	11.842199
TGTAATGAGGTAAA-1	1.2909435	10.997657
TGTACTTGCTCTAT-1	10.074663	9.717051
TGTAGGTGCGAGAG-1	6.3824067	-1.731949
TGTAGGTGCTATGG-1	0.8603434	5.8565645
TGTAGGTGCTCTAT-1	11.566859	13.844463
TGTAGGTGTGCTGA-1	1.3668213	4.4769206
TGTAGTCTTCCAGA-1	1.0475923	3.7439978
TGTAGTCTTGCACA-1	0.84780633	8.5023365
TGTATCTGTTAGGC-1	0.8877471	5.873204
TGTATGCTCATGGT-1	7.5016756	-2.7582512
TGTATGCTGTAGGG-1	2.4497151	7.5431485
TGTATGCTTTCATC-1	2.3693979	7.494291
TGTCAGGAATACCG-1	2.9038138	4.4207172
TGTCAGGAGATGAA-1	9.140928	10.264724
TGTCTAACCCCTTG-1	2.975431	5.991805
TGTGACGATTCTCA-1	1.8436275	9.72699
TGTGAGACTGTCAG-1	9.232202	10.664929
TGTGAGACTTGAGC-1	1.7032675	6.9523544
TGTGAGTGACCACA-1	3.2970057	5.7043004
TGTGAGTGAGTGCT-1	9.366441	10.40532
TGTGAGTGGAGATA-1	2.4796195	9.072888
TGTGATCTCTCTAT-1	6.4496555	-2.2691317
TGTGATCTGACACT-1	3.462858	7.8271003
TGTGGATGGCCAAT-1	6.7573743	-2.3606548
TGTTAAGACAAAGA-1	6.005923	11.091297
TGTTAAGATAAGGA-1	8.457745	13.205072
TGTTACACCGCATA-1	9.432441	10.965106
TGTTACACGACTAC-1	7.8396587	10.467257
TGTTACTGGCTACA-1	0.641175	8.742291
TGTTACTGTAGTCG-1	1.5976398	10.662487
TTAACCACCGTAAC-1	2.923496	5.746964
TTAACCACTAAGGA-1	2.4686716	9.963742
TTAACCACTCAGAC-1	1.7294877	8.624928
TTACACACGTGTTG-1	2.0694792	7.3465185
TTACACACTCCTAT-1	3.0879438	6.681756
TTACCATGAATCGC-1	8.772681	12.644249
TTACCATGGTTGAC-1	0.7109944	5.1286592
TTACCATGTGTCTT-1	2.3285742	7.5484796
TTACCATGTTGTGG-1	6.5087247	-2.3328383
TTACGACTGAGAGC-1	-0.4384534	6.6476927
TTACGACTTGACAC-1	5.9747076	12.396355
TTACGTACGTTCAG-1	6.7918572	16.762325
TTACTCGAAGAATG-1	8.171542	12.861829
TTACTCGACGCAAT-1	11.601267	13.722418
TTACTCGAGGGTGA-1	2.3470187	4.767974
TTACTCGATCTACT-1	1.6221511	12.270059
TTAGAATGTGGTGT-1	2.7042716	5.3741546
TTAGAATGTGTAGC-1	4.3333483	7.248608
TTAGACCTCCTACC-1	3.908131	5.2286577
TTAGACCTCCTTTA-1	7.8900514	12.162702
TTAGCTACAACCGT-1	3.1287408	5.8890967
TTAGCTACTGTCCC-1	9.797914	11.234978
TTAGCTACTTTCGT-1	-0.07337245	5.0886617
TTAGGGACGCGAAG-1	0.4997244	8.484232
TTAGGGTGCTGGAT-1	6.716687	-1.8868622
TTAGGGTGTCCTGC-1	9.561979	10.937329
TTAGGTCTACTTTC-1	6.1364894	11.13197
TTAGTCACCAGTTG-1	-0.33849552	5.5620055
TTAGTCTGAAAGCA-1	5.95321	-1.9159309
TTAGTCTGCCAACA-1	0.37761012	12.157439
TTAGTCTGTGCACA-1	2.2586565	7.177172
TTATCCGACTAGTG-1	7.092438	-2.5802374
TTATCCGAGAAAGT-1	9.742574	10.894531
TTATGAGAGATAAG-1	3.9860303	7.651732
TTATGCACGTCACA-1	6.7573028	-3.716559
TTATGGCTTATGGC-1	11.261198	13.497417
TTATTCCTATGCTG-1	8.60589	12.8444195
TTATTCCTGGACAG-1	5.373811	-2.0282197
TTATTCCTGGTACT-1	7.5306296	-2.0430672
TTATTCCTTCGTGA-1	0.81990117	5.296588
TTCAAAGATAAAGG-1	0.8991837	9.314528
TTCAACACAACAGA-1	2.9418318	5.958461
TTCAACACCCCAAA-1	6.946561	12.164549
TTCAACACGGACGA-1	8.910304	10.427222
TTCAAGCTAAGAAC-1	8.882732	12.976598
TTCAAGCTAGATGA-1	0.4754017	6.234958
TTCAAGCTGTTGAC-1	0.16255148	4.964098
TTCAAGCTTGATGC-1	2.2951043	3.9110482
TTCAAGCTTTCGCC-1	2.4386017	5.5138836
TTCACAACCCGTTC-1	8.5125475	12.153811
TTCACAACGTCTGA-1	7.1276236	10.25698
TTCAGACTACCCAA-1	4.6701922	7.4486012
TTCAGACTCTCGAA-1	0.598968	4.556739
TTCAGTACCGACTA-1	1.287753	6.724915
TTCAGTACTCAAGC-1	0.24973045	4.587038
TTCAGTACTCCTAT-1	6.2086143	12.546111
TTCAGTTGCCAAGT-1	2.377143	4.6593566
TTCAGTTGTCCTTA-1	10.205163	13.04143
TTCAGTTGTCTAGG-1	3.5143237	7.32921
TTCAGTTGTCTCGC-1	5.9698663	-3.1897957
TTCATCGAGGTGGA-1	6.7993326	12.521646
TTCATGTGTGGTGT-1	-0.21495293	6.7916317
TTCATTCTATGTCG-1	9.266465	12.223175
TTCATTCTTCTCTA-1	2.6266172	6.017412
TTCCAAACCTATGG-1	6.9783134	11.527983
TTCCAAACCTCCCA-1	5.4455957	-1.5236328
TTCCAAACTCCCAC-1	1.3275712	11.365877
TTCCAAACTTGACG-1	2.4246042	9.489406
TTCCATGACGAGAG-1	7.5059958	12.949397
TTCCATGACTGTCC-1	4.7389374	7.1993766
TTCCCACTTGAGGG-1	1.6134427	12.184714
TTCCCACTTGTCTT-1	8.431288	11.913151
TTCCTAGAAAGTGA-1	2.578041	4.537842
TTCCTAGACTAGTG-1	8.7599	9.573031
TTCGAGGACTCTAT-1	1.5916196	4.9526987
TTCGAGGAGGGCAA-1	0.3933427	4.68654
TTCGAGGATAGAAG-1	7.931572	10.0231285
TTCGATTGAGCATC-1	3.7434402	5.525359
TTCGGAGAATGCCA-1	6.4943776	13.118625
TTCGGAGATGTGCA-1	0.82015556	5.3425155
TTCGTATGAAAAGC-1	2.2658122	10.139341
TTCGTATGGATAGA-1	2.0605657	10.926621
TTCGTATGGTCTGA-1	1.0517601	5.0386095
TTCGTATGTCCTTA-1	9.685178	11.927922
TTCTACGAACGTAC-1	2.2833393	5.618819
TTCTACGAGTTGGT-1	0.18686953	5.219598
TTCTAGTGACACGT-1	0.24209975	5.613608
TTCTAGTGCATGAC-1	7.7912536	11.992207
TTCTAGTGGAGAGC-1	0.9663664	12.358021
TTCTAGTGGTCACA-1	9.361189	11.546097
TTCTCAGAAGAGAT-1	0.5334734	5.245763
TTCTCAGAAGCATC-1	6.693888	-2.6060455
TTCTCAGATGGAGG-1	-0.6847892	5.65155
TTCTGATGGAGACG-1	0.82779884	12.246731
TTCTTACTCTGGAT-1	7.3848825	10.429161
TTGAACCTCCTTGC-1	6.434582	-2.206774
TTGAATGAACTACG-1	9.958813	10.106409
TTGAATGACTTACT-1	3.3304331	6.9835863
TTGAATGATCTCAT-1	6.3383117	-2.5529819
TTGACACTCTGTAG-1	1.0130482	5.042816
TTGACACTGATAAG-1	7.8216534	-2.619
TTGAGGACAGAACA-1	7.2924676	13.307317
TTGAGGACTACGCA-1	11.501619	13.71148
TTGAGGTGGACGGA-1	2.765899	7.4147863
TTGCATTGAGCTAC-1	2.4376326	9.327144
TTGCATTGCTAAGC-1	7.6444764	13.610691
TTGCATTGTGACTG-1	2.8136573	5.2062645
TTGCTAACACCAAC-1	1.2344377	8.957347
TTGCTAACACGCTA-1	8.87753	10.322349
TTGCTAACCACTCC-1	2.382317	5.818309
TTGCTATGGTACGT-1	8.425586	12.688837
TTGCTATGGTAGGG-1	9.579444	9.452257
TTGGAGACCAATCG-1	1.099145	4.1787605
TTGGAGACGCTATG-1	6.844692	12.110512
TTGGAGACTATGGC-1	6.007812	-2.5713854
TTGGGAACTGAACC-1	3.0910547	5.349942
TTGGTACTACTGGT-1	9.014669	11.2584
TTGGTACTCTTAGG-1	3.2962172	5.375614
TTGGTACTGAATCC-1	6.5935097	-3.531618
TTGGTACTGGATTC-1	6.2674503	-1.6627008
TTGTACACGTTGTG-1	6.7159925	-2.705669
TTGTACACTTGCAG-1	1.1774088	6.882331
TTGTAGCTAGCTCA-1	0.113552995	6.9384875
TTGTAGCTCTCTTA-1	6.581969	-2.9477768
TTGTCATGGACGGA-1	1.2539035	11.399742
TTTAGAGATCCTCG-1	5.3919454	-1.9862362
TTTAGCTGATACCG-1	2.3046377	3.9852946
TTTAGCTGGATACC-1	7.900911	11.925706
TTTAGCTGTACTCT-1	11.026648	13.598808
TTTAGGCTCCTTTA-1	6.633955	12.916299
TTTATCCTGTTGTG-1	9.389792	10.88365
TTTCACGAGGTTCA-1	2.3351662	4.2788777
TTTCAGTGGAAGGC-1	1.0030589	8.896881
TTTCAGTGTCACGA-1	7.2634273	-1.4036647
TTTCAGTGTCTATC-1	6.924901	12.024969
TTTCAGTGTGCAGT-1	6.657227	-2.2924285
TTTCCAGAGGTGAG-1	0.26065868	6.192029
TTTCGAACACCTGA-1	11.925922	14.035843
TTTCGAACTCTCAT-1	9.737563	12.679829
TTTCTACTGAGGCA-1	5.6811223	-1.0648531
TTTCTACTTCCTCG-1	6.0332294	-2.634352
TTTGCATGAGAGGC-1	7.8689	-2.1991427
TTTGCATGCCTCAC-1	2.3157625	4.9043384
